,views
0,488902.82730132074
1,21201.519471826497
2,33535677.296213124
3,3893697.8882598043
4,336150.2729733512
5,1917782.8461528458
6,770801.5341687702
7,1964631.1140301446
8,147057.11893053632
9,472602.29557826417
10,541144.1267875177
11,1424423.520398434
12,2503297.782687256
13,564837.0372503716
14,63419.83267662162
15,401744.10465673404
16,14883944.590318486
17,220833.27922173776
18,968332.5600742144
19,291876.25477164565
20,823326.1691655325
21,3405756.332127296
22,4287227.206237471
23,5020951.597343027
24,166723.34335848922
25,2555957.6322387853
26,825921.7783021932
27,1031587.1698341966
28,679876.1477995518
29,496096.45393003616
30,8644334.051825343
31,2933216.1127166497
32,8882122.32412157
33,378362.68138892064
34,3980.0800287688617
35,2823964.0687206965
36,349826.59924826864
37,1299370.6467909445
38,2321502.791613105
39,964407.6509124679
40,1449252.9351051976
41,2124828.36792053
42,1345360.357316153
43,597137.1972517231
44,4107041.065642667
45,666706.9047090358
46,1513314.5288387658
47,1295830.4353313297
48,3022030.3090154757
49,4778699.675139786
50,344114.72150414344
51,2301001.5665422925
52,8108884.842048807
53,704047.1812107651
54,2301533.1070038197
55,68664.88716609636
56,16716523.46484533
57,28015.703540040646
58,544985.4379905545
59,1289362.5169143311
60,2236262.262946413
61,1273793.142309517
62,330866.71481329226
63,4229993.800086763
64,1076137.3845198988
65,336880.8733454398
66,186781.48501391662
67,504104.63699576305
68,53954.41545220232
69,448379.143959804
70,372378.85925248405
71,3148372.7109290417
72,253129.7467621076
73,627717.128515945
74,902023.8649085829
75,1489243.1418315102
76,149832.85891614715
77,529092.2223805229
78,4921935.017206368
79,3670993.728247982
80,602143.2911014673
81,1489243.1418315102
82,1083195.9033386488
83,6863723.204231245
84,792083.0706627043
85,1697119.528660903
86,4749311.182119889
87,1150775.6728005842
88,1056965.7751501135
89,518111.629803129
90,374822.4993786514
91,1302518.7941299607
92,430151.32431327505
93,1671939.411106614
94,274506.7512075871
95,575924.8062805608
96,8229823.3432912305
97,345915.909877968
98,1472297.0127429527
99,10747145.624168064
100,1711918.0393993051
101,9709.250457221176
102,1266189.2464153017
103,297069.70247576525
104,1033905.3601704772
105,87688.53139039641
106,81952.13748870185
107,90294.48612151714
108,1940343.8364643627
109,409681.06397590553
110,308794.9413893656
111,33720.938494383125
112,878050.5181280277
113,8956.804997886531
114,84561.67584183207
115,1276749.8002783535
116,2390004.8774837307
117,385995.2738004755
118,283252.3286106521
119,1743646.5110146985
120,2242333.516394556
121,494500.3805229004
122,359530.59237331944
123,14641648.85739132
124,46003804.694544695
125,655152.3593690208
126,6206220.528843304
127,1538690.2587584727
128,363810.6978142937
129,220833.27922173776
130,34729.550773454364
131,210769.6281566103
132,841499.283962052
133,105147.84124855301
134,728071.6290260316
135,765591.9270355608
136,23586316.00760393
137,274506.7512075871
138,841943.8104516114
139,5906455.4044288155
140,2953030.5039801546
141,1405137.6177020674
142,326604.96549774054
143,271309.77348740585
144,1084186.60162237
145,1216446.5405180797
146,224349.44707352947
147,379579.3397063487
148,165342.4706611822
149,11739567.204571728
150,293285.83913919213
151,196209.45468716137
152,1404388.9580768577
153,2620561.460719675
154,4228231.880565211
155,898728.6087062745
156,81182.47358836303
157,6950028.489450844
158,93413.25576594891
159,36108.83510537818
160,42003.376567048486
161,151114.88490964123
162,7663516.3284911625
163,921296.625134073
164,394161.17562890286
165,1896844.6106272861
166,95046.5079736798
167,6454667.385382336
168,414663.7797838573
169,204846.82477649255
170,1502313.4520137769
171,2069418.6094451249
172,97518.31131344242
173,2196789.783672951
174,4099112.340735093
175,3132165.8341105864
176,2965573.6602687654
177,412698.7761345499
178,3273532.926381657
179,183368.14281042246
180,2624.127089906018
181,1464355.809789284
182,169068.28364655352
183,1729509.526958358
184,1231603.044329682
185,4759.392141256249
186,3451801.5494384486
187,356589.77531586867
188,2749057.8407839634
189,1327440.231163362
190,5460549.930995544
191,494470.7774838372
192,1923198.072792686
193,357803.7359225722
194,87768.49616394215
195,3742.213122770423
196,274506.7512075871
197,218451.45255499217
198,1021426.947529595
199,48756.69498505676
200,715004.8089303111
201,393523.89410030516
202,130501.47132990579
203,735318.3966499188
204,44367246.51226784
205,2693946.955652981
206,539877.620262776
207,2353627.5864418047
208,5093555.092304852
209,778329.6863861703
210,417818.07318605017
211,1489243.1418315102
212,90710.22233848693
213,244834.70096235257
214,1489243.1418315102
215,4079710.3234603233
216,146680.67035145126
217,401552.2152487668
218,1574386.6573419601
219,49255.36114347307
220,667904.2385986205
221,1489243.1418315102
222,283767.87638651114
223,123393.654453489
224,220564.17564180563
225,220833.27922173776
226,2447379.6267470145
227,4479628.293147212
228,99446.59428581852
229,1489243.1418315102
230,32674.1030769418
231,182187.1902686488
232,783709.8668691048
233,755325.6414813431
234,304269.3813833804
235,34297.3980706241
236,6400.3068846357055
237,2088549.494380903
238,200725.88508429914
239,2750049.700685492
240,270939.7864349042
241,958521.6404215451
242,510286.29539276357
243,397189.7185044349
244,28015.703540040646
245,185746.17014289694
246,735318.3966499188
247,836767.687417119
248,241015.4979368723
249,289341.4083001432
250,791854.2496289543
251,1265084.0202964363
252,1759919.3897546863
253,1252265.901825843
254,9710726.639935773
255,222677.39442401193
256,13807119.83878317
257,7519055.216614919
258,155451.43567612115
259,1242252.3034428288
260,2912255.1412323928
261,3446382.392833749
262,352648.3911914979
263,2841166.8355489606
264,1489243.1418315102
265,21160.31373070553
266,2367763.676903332
267,485509.65141674504
268,1828384.171412356
269,13477366.90466585
270,185724.1250614517
271,194129.07505210163
272,1489243.1418315102
273,2101480.7252371246
274,647165.0457462596
275,-14609968.01304379
276,2586106.3096720646
277,597964.6907504137
278,634403.8416534404
279,4531.274607313331
280,1590110.7663607253
281,14164513.08756288
282,1671939.411106614
283,325058.4259946039
284,29631.63736758195
285,9896657.872952074
286,2052838.9988936714
287,645050.176423691
288,299739.4260963551
289,274506.7512075871
290,113822.04125663475
291,3357691.042035634
292,283212.12332276464
293,751632.2806208661
294,1838955.481490407
295,4746520.708503187
296,110922.30597028765
297,1272100.6453968103
298,1622530.7900541802
299,1795700.130379532
300,603261.7624700846
301,40328.256243076175
302,129703.00266244588
303,148835.92690622527
304,1489243.1418315102
305,989350.1828014501
306,-3699955.5527160843
307,5766494.161980294
308,1925327.8545488014
309,4401380.756373692
310,26686.30028965068
311,660392.0717128315
312,512822.92037228914
313,6326.354558742605
314,966961.73146303
315,1048751.9500736466
316,138699.2968323098
317,2124828.36792053
318,1630760.2845751462
319,293229.83408869524
320,663037.8974660928
321,98959478.08596314
322,309544.14328385564
323,42813.71782020829
324,59160.23473592382
325,111639.23572214367
326,36709607.43132338
327,162842.1972458989
328,2353627.5864418047
329,1491799.2285656608
330,185700.6607021112
331,29702.073011206463
332,1103181.7137717346
333,232138.47483323188
334,-15821788.240689468
335,526220.0777459317
336,2974074.7411855105
337,440429.64387234347
338,241158.40810233168
339,38266.0352308508
340,20343879.209405556
341,90468.18763283687
342,281104.4628645573
343,601902.146613499
344,4928.882667027181
345,288524.87485574884
346,974676.7406623657
347,356886.7994494145
348,1489243.1418315102
349,429635.81530404533
350,865155.6418464291
351,376913.8845888758
352,544224.3425557247
353,41551.82503885147
354,3966402.9532517423
355,660854.5283627777
356,111685.35738913855
357,388205.90261465544
358,74345.01363672921
359,136633.1445585005
360,5423790.241342509
361,1489243.1418315102
362,583572.6014847402
363,664812.7056691499
364,365389.6668239166
365,230139.83659875393
366,1909303.1490502723
367,353132.7552352331
368,312544.35504984274
369,1743646.5110146985
370,200825.2041151577
371,629396.8881873904
372,1489243.1418315102
373,226651.7053007488
374,1502313.4520137769
375,1449223.8996033026
376,1237983.16709167
377,160665.81830755994
378,9528.446208294714
379,1915245.9717623205
380,202103.30385562126
381,1230958.2951136902
382,408827.5432430748
383,1168492.6511600113
384,4410746.1910589915
385,1575437.0657142582
386,49816.567376907915
387,1082668.638215581
388,141261.90884864423
389,701015.582095454
390,1489243.1418315102
391,849079.0708431436
392,719567.202055838
393,511785.9848667756
394,1590110.7663607253
395,13509786.70565667
396,1288366.4611664703
397,423872.93903256557
398,28355.12232813891
399,1084664.1468710445
400,17409.113478646148
401,8190644.715312924
402,135714.1904673758
403,44405.821488462854
404,993097.7625703965
405,1313458.4381102552
406,558895.9780673985
407,53954.41545220232
408,649885.2026363346
409,6532217.74510855
410,1344456.487116175
411,507991.9641924165
412,3379126.373040327
413,1877475.412021448
414,14702759.598421438
415,626928.4641672664
416,3708429.039126404
417,1849209.4913224727
418,31245.788548935205
419,4150939.3275055485
420,469530.3946824187
421,4385611.765419155
422,116931.12464440404
423,397189.7185044349
424,2131159.957844014
425,564058.9162181962
426,7227908.762819696
427,325264.1509421952
428,4909175.507382322
429,1489243.1418315102
430,3581231.5464215265
431,505760.15356636816
432,207898.29847645923
433,537538.2792951373
434,55061730.40806333
435,344943.42600119254
436,474649.7447646423
437,1921.5833739531226
438,1406628.6596810597
439,7903763.310402086
440,940171.4323519212
441,6496431.020992538
442,683628.0487466108
443,115948.31868279865
444,970883.3948127991
445,409681.06397590553
446,1146842.4453872014
447,9195106.126731848
448,1197137.4817928225
449,472447.04273082037
450,5076493.055960962
451,719172.250225977
452,137200.9158701445
453,34625.88849739777
454,1489243.1418315102
455,2406785.3551573334
456,1033979.4815024198
457,838616.0680014596
458,258490.59829257405
459,1489243.1418315102
460,1093179.9642619162
461,2406785.3551573334
462,681118.377078823
463,1671939.411106614
464,310154.4989481964
465,-202373.1684082388
466,1489243.1418315102
467,2124828.36792053
468,167733.77028171578
469,1489243.1418315102
470,1210446.346462452
471,272518.0230923379
472,43632323.47145139
473,2960001.516818994
474,816205.7664819495
475,151079.18972774665
476,9431685.43272422
477,985827.3502961313
478,629396.8881873904
479,1201119.2027391116
480,2017730.3726334784
481,1208108.6932899207
482,2512024.1552806892
483,-1911887.0662303804
484,4904.356081529753
485,2340183.6973183258
486,980003.7791511741
487,45764.263331684284
488,257189.87875594734
489,3640077.6024152976
490,2093122.7339328434
491,861334.9735769732
492,8072575.721620269
493,328465.0324206238
494,2726395.0305034053
495,317759.8918908925
496,636864.9245973633
497,284804.7379896566
498,729191.6964100678
499,394161.17562890286
500,11996619.315563451
501,306111.1019452249
502,308794.9413893656
503,63820.859415873885
504,220248.7358517386
505,648239.4097590372
506,4230758.19224515
507,392067.4342983058
508,39323.08451946359
509,4256760.7246120665
510,674993.1628111184
511,92287.9613623363
512,402781.84840504127
513,1489243.1418315102
514,17619.70228371024
515,441489.8943996299
516,953667.9260728725
517,227518.87650421937
518,1005553.009845927
519,7571.477919064462
520,24282.536985406186
521,807601.3097799686
522,209393.31756049255
523,8644334.051825343
524,1555922.6459029918
525,22907.17233793484
526,230869.78229906224
527,503963.21161351854
528,1788321.467294794
529,362869.30232618353
530,74500.95509650721
531,14641648.85739132
532,3904870.1467754324
533,24842728.004922766
534,2746581.064053122
535,3694233.5594078316
536,404467.01590813603
537,448657.98839332256
538,3362471.6828830484
539,2367437.93724114
540,4778699.675139786
541,237300.07593612233
542,1345177.3633804834
543,1342004.2596934382
544,149832.85891614715
545,233907.60220523225
546,7035699.817129996
547,7961046.899109058
548,578940.3791480223
549,47806.46729397448
550,444451.1779611247
551,1047940.3751529886
552,1489243.1418315102
553,366197.9285252397
554,1223218.540066308
555,13285.799001674633
556,40558.63397540618
557,135962.87220110185
558,-6653611.605740646
559,228139.08825025056
560,4560988.857482182
561,38419.83086836897
562,1598784.9266229495
563,1927900.1676554629
564,262533.8646624107
565,13807119.83878317
566,2245294.0949787004
567,1563730.1202385523
568,1029708.3425771971
569,2421775.3205889864
570,27115.030036791693
571,10967828.7530886
572,4835064.225871559
573,-143171.50326516852
574,170436.92805848247
575,63859.576611131895
576,430151.32431327505
577,4406772.444383394
578,-25613322.53930258
579,977650.4580472861
580,1125966.1027652752
581,746744.2462768272
582,1795484.2922543883
583,44405.821488462854
584,1184359.270633769
585,4682948.714250123
586,7663516.3284911625
587,2214788.077031382
588,1794862.0256389421
589,1540126.8586851317
590,1970752.1243233287
591,1827987.2161836843
592,46321.77062330255
593,529555.6204324745
594,788335.6328378413
595,937304.626803122
596,874180.6203824126
597,5622986.883931378
598,1502313.4520137769
599,805423.7604973507
600,1190302.0110806304
601,274065.50163170113
602,297461.0585712404
603,241035.06636333093
604,191673.6850548773
605,8108884.842048807
606,851099.9861252378
607,420010.23485404626
608,310457.5833144677
609,953234.0618639258
610,301844.11871563876
611,634470.146003712
612,1322860.9911200474
613,1589486.2813600316
614,219364.05206041853
615,115093.77430161461
616,3331605.7682307633
617,209311.37720079208
618,4555911.792343216
619,159978.0148427491
620,1037009.5849345145
621,546832.0889835551
622,874889.7403618812
623,3289155.6009566947
624,647165.0457462596
625,1617940.8792376975
626,2616060.2903083395
627,8349.57192546688
628,5787954.873209005
629,158739.02099425532
630,902023.8649085829
631,1930993.464014495
632,1489243.1418315102
633,1392595.6934413598
634,64289.86932060658
635,484143.632910619
636,197034.4709401778
637,154650.99694915744
638,1356251.0180864183
639,540462.4508508812
640,919935.5656126407
641,346563.1739507981
642,751217.6391085084
643,287330.9813477793
644,40921.71699329605
645,5667133.437509593
646,5063.540332532255
647,1021426.947529595
648,2321502.791613105
649,306111.1019452249
650,426316.46141632786
651,144310.3875482902
652,791854.2496289543
653,283767.87638651114
654,1388361.9886053551
655,552793.7020460875
656,424267.17266984517
657,819025.2845146059
658,1600275.089806531
659,2586106.3096720646
660,715004.8089303111
661,472602.29557826417
662,181114.9336966758
663,265963.68436144316
664,8659284.414477838
665,1369878.7921598176
666,78156.8644032483
667,95479.12085413886
668,348439.4473227863
669,915316.2740005228
670,1746078.8855960022
671,43826.76352812536
672,1853591.9302819516
673,12830854.766139837
674,749581.2401313693
675,999175.7948182351
676,13464606.34050624
677,1844925.3966676716
678,152243.40248698532
679,165342.4706611822
680,1069075.4520957405
681,159625.48137700558
682,368384.56680317456
683,1673827.6084760893
684,749272.6633513646
685,253638.38848095736
686,79684.19001566409
687,134777.91126296902
688,357803.7359225722
689,1526951.5498836061
690,382868.6072207219
691,259361.19129145914
692,4401380.756373692
693,1348076.499095704
694,31824.21197443176
695,512702.6124659603
696,4749311.182119889
697,603975.1789535058
698,553288.774602715
699,1397.9156581000425
700,3294337.838586223
701,441593.5906023374
702,88854.57821211917
703,1489243.1418315102
704,929370.7454535818
705,2367437.93724114
706,492073.50737898936
707,1489243.1418315102
708,1230001.3887708636
709,469646.72584628453
710,813137.6137861075
711,1489243.1418315102
712,941786.5532244846
713,474649.7447646423
714,207203.13935979502
715,429492.77722163964
716,396940.4925746431
717,1489243.1418315102
718,1422579.68972001
719,18191.64336499921
720,522780.4822965348
721,218877.61149036745
722,679876.1477995518
723,474369.4800530269
724,158163.1143152197
725,1228106.009614436
726,524244.55669539515
727,663037.8974660928
728,-6500277.142323494
729,3334130.671231022
730,401744.10465673404
731,267314.3418956243
732,806106.7017536792
733,1746078.8855960022
734,941497.5036572714
735,7519055.216614919
736,66039.33364660665
737,936623.9931419562
738,369481.08050524816
739,1345763.2991646337
740,8543823.458983857
741,518111.629803129
742,206104.62076548906
743,267827.62768424256
744,8867105.773377497
745,134815.85840705992
746,1133832.5086210691
747,1153224.8111316483
748,741304.7440613848
749,727262.3385695945
750,779424.6443240815
751,302979.220254584
752,410808.93494082964
753,1115201.134668876
754,1216181.0462243017
755,1489243.1418315102
756,1223218.540066308
757,1084664.1468710445
758,2509817.8073958857
759,94457.50178074697
760,4375335.42316204
761,13671014.458381852
762,1852456.84748642
763,343714.6141070854
764,721743.027659869
765,2420019.9748238083
766,18629369.06971633
767,470499.21383354766
768,32190.609042634722
769,176551.3118375768
770,33305.207960590255
771,914954.8541570702
772,1662575.5729109875
773,1295830.4353313297
774,55414.829798473045
775,751632.2806208661
776,16104366.086587343
777,9290942.97189688
778,86741.99870543601
779,205447.77582786488
780,241006.90445170226
781,949467.2525224965
782,164270.535926627
783,10107775.255868845
784,484142.37829411076
785,250413.11252205074
786,461977.1955729567
787,2564614.129955272
788,306601.02338261344
789,1533977.1666737343
790,2953030.5039801546
791,1028481.7556958641
792,2093122.7339328434
793,157690.64689890668
794,1941623.558422287
795,505565.7259281918
796,-4879841.066708019
797,408827.5432430748
798,1601667.4125111152
799,1380006.2647754105
800,382623.44925152743
801,619825.5084015282
802,173986.70657675643
803,1314422.573946611
804,2052838.9988936714
805,2002481.153658405
806,18221639.6203177
807,1929135.198023125
808,17922528.831286512
809,1032855.5123596183
810,374682.0128868455
811,5020951.597343027
812,237300.07593612233
813,1023934.6497683567
814,91558.18411956448
815,1489243.1418315102
816,3572711.0044603115
817,4793973.456883626
818,898815.9130870514
819,170432.69104459137
820,264090.40926263714
821,2101480.7252371246
822,240952.49891827232
823,51097.71113077784
824,1513258.2435386782
825,306390.13678485947
826,3193812.0087289754
827,219778.63509982429
828,469646.72584628453
829,216876.8013970065
830,140502.21826189896
831,14457701.049658168
832,143165.46895838715
833,148273.11358059617
834,1982817.9071801552
835,149296.1895482915
836,254177.3861423214
837,2038937.184907639
838,5324688.019135326
839,2923774.8916717772
840,1084186.60162237
841,1229543.915146989
842,1769654.930096488
843,4079710.3234603233
844,1257309.4115957685
845,417802.2667918897
846,1673827.6084760893
847,3362471.6828830484
848,267198.29217332206
849,571983.2459217232
850,1489243.1418315102
851,2068914.2104275085
852,153193.5392399102
853,34921.81498302496
854,6111662.033420371
855,3417456.8856201023
856,826479.9817054766
857,749581.2401313693
858,218219.1410964597
859,93263.64226388931
860,91945.98057423555
861,945499.6312075513
862,992198.2608784724
863,726226.2950357106
864,739427.7479843008
865,2844460.6969767013
866,411694.2373823966
867,353993.3570566247
868,514051.7135681617
869,2791771.853949554
870,155095.22762836725
871,67754.47617068305
872,428911.58483401546
873,11179.862763649318
874,1852456.84748642
875,472602.29557826417
876,750148.1723040463
877,58154.89138880791
878,2593212.053290711
879,6281955.7058274355
880,719567.202055838
881,137223.159101418
882,1376033.4289035648
883,3034031.7444867613
884,406539.20859707985
885,386321.851904924
886,558884.6771062766
887,3289631.735993987
888,58646.49505673023
889,293285.83913919213
890,792083.0706627043
891,635562.2352898498
892,13736640.937748376
893,493207.2636957299
894,1463843.4389257054
895,6863723.204231245
896,-2746690.935972188
897,408827.5432430748
898,96548.88487547054
899,555551.5989604654
900,67754.47617068305
901,301184.03434406477
902,3132165.8341105864
903,392886.0214280919
904,1608608.691388193
905,76409.32831554534
906,848661.9115416706
907,32095.480267394334
908,938541.0386697587
909,949231.5279102126
910,25078.253493614728
911,23106485.697911974
912,176551.3118375768
913,448315.8015961461
914,13018720.05003371
915,554528.129562697
916,4621747.069608199
917,22288145.533250164
918,217265.25168801798
919,363001.6602088532
920,1489243.1418315102
921,281700.586473176
922,5380918.068591734
923,3508489.34802423
924,13018720.05003371
925,25713.64986693114
926,1798260.450833574
927,1415372.8306145635
928,88094.3045792391
929,16991.049037321704
930,629396.8881873904
931,131976.74639781285
932,687439.1231848397
933,4479628.293147212
934,792083.0706627043
935,245332.3097240501
936,584832.6580082085
937,484605.1301356661
938,429069.2559352019
939,467599.95013331017
940,18566012.61781307
941,13573.673260047566
942,36709607.43132338
943,537095.0247146686
944,707466.6850701165
945,490179.82397564757
946,6645539.3017951045
947,100008.1528821201
948,1512696.3201626935
949,411882.5238856431
950,344943.42600119254
951,53329.19641882647
952,431800.20398796746
953,786416.5586229474
954,2218716.035484398
955,260084.75445102248
956,1282352.332284966
957,207618.24296646705
958,7904.123506135773
959,1267781.6566577032
960,2795187.0053912676
961,2411031.3918109676
962,1489243.1418315102
963,2455030.186780113
964,1148197.2549499995
965,137519.03505042102
966,1336971.761666335
967,81818.39469509479
968,78156.8644032483
969,423780.2383270608
970,1049854.3428923385
971,3331605.7682307633
972,5406908.015228855
973,1192470.4139546389
974,26686.30028965068
975,105932.88470591092
976,169838.45257688127
977,477960.7545933188
978,293229.83408869524
979,1489243.1418315102
980,619825.5084015282
981,425873.781216996
982,3122959.089416661
983,13736640.937748376
984,4667030.109925291
985,28508.045431539882
986,1489243.1418315102
987,1190177.4077260518
988,438191.36653403053
989,1489243.1418315102
990,113966.32814287487
991,1013868.8405921566
992,20285060.678249314
993,621064.1009689819
994,-2851498.1821775376
995,82274.80653327657
996,93449.20697923657
997,90710.22233848693
998,262616.8988224645
999,2593212.053290711
1000,2318318.835616245
1001,110889.00694926665
1002,933523.3307213701
1003,1555922.6459029918
1004,2333284.4171269136
1005,145492.82372054388
1006,2455030.186780113
1007,1164533.4704763675
1008,1759919.3897546863
1009,94973.36299988511
1010,297402.1371374177
1011,34625.88849739777
1012,738880.5491235118
1013,1925327.8545488014
1014,131976.74639781285
1015,4020806.8432219164
1016,3294337.838586223
1017,54648.734904887155
1018,2925620.143278336
1019,3127063.8395641376
1020,4107041.065642667
1021,397340.342313176
1022,4419749.525377206
1023,1489243.1418315102
1024,741148.895328849
1025,3986662.725261048
1026,2828.1075146810617
1027,491398.46188028716
1028,599756.9921624378
1029,114546.50349474442
1030,1098433.5390455557
1031,1489243.1418315102
1032,39219.72856034408
1033,169529.3607761385
1034,48926.03427200671
1035,-7652287.641176946
1036,30941.562071941327
1037,1545080.6685798373
1038,330866.71481329226
1039,878525.5019155204
1040,208497.76027339278
1041,4943.551598974038
1042,993999.4688716845
1043,6771659.870944485
1044,7856324.02154585
1045,4615925.3226241935
1046,291876.25477164565
1047,972700.8425729284
1048,3752437.79857654
1049,3844399.2196183293
1050,10411318.885721203
1051,304801.1678465947
1052,4069274.4588335403
1053,1394009.002584744
1054,282228.8848114121
1055,10985862.00140286
1056,332916.19642276224
1057,1185439.4420797485
1058,1322987.3899228042
1059,418554.2639919636
1060,5284.095880178735
1061,1209475.298684983
1062,345901.8529593833
1063,507991.9641924165
1064,260896.90954547562
1065,1344673.196024636
1066,782310.2305291675
1067,213138.48291930696
1068,513483.7960022581
1069,1786987.968162913
1070,-13140017.8556762
1071,181544.22729283664
1072,508090.4170882113
1073,1518736.6676329318
1074,10215193.30730576
1075,23782669.928033616
1076,3986662.725261048
1077,2066560.525277404
1078,3466974.9482872076
1079,260141.95450983522
1080,1833693.3417074052
1081,1583322.1876965691
1082,823489.0101523022
1083,680985.6721003237
1084,6592828.9455579575
1085,575852.7354628888
1086,1489243.1418315102
1087,11871.315373442834
1088,902023.8649085829
1089,589073.6516776208
1090,3395482.362228602
1091,9195106.126731848
1092,1017400.338211232
1093,363044.38718245644
1094,177487.44243955077
1095,2810206.489532044
1096,258188.56914046314
1097,1751399.5269650253
1098,560793.3998551613
1099,1173782.5214457826
1100,-5285681.441431519
1101,924033.1913663858
1102,108388.29982114886
1103,1600275.089806531
1104,1669939.5154772708
1105,962893.3625485192
1106,705947.9029058111
1107,109402.06274331594
1108,53412.55554492446
1109,431800.20398796746
1110,13509786.70565667
1111,9163839.968882116
1112,2891255.618470396
1113,13917.664772892836
1114,59160.23473592382
1115,35150.990271196235
1116,109402.06274331594
1117,758682.9426964952
1118,1076127.9036484282
1119,245236.79443027102
1120,1489243.1418315102
1121,12618051.931530794
1122,464434.362258499
1123,356589.77531586867
1124,340828.3696985061
1125,915316.2740005228
1126,130080.92685274547
1127,229244.6570915617
1128,679876.1477995518
1129,28015.703540040646
1130,7856324.02154585
1131,381835.1638013751
1132,2832238.9263372305
1133,893902.1869894555
1134,19023197.889534652
1135,4410746.1910589915
1136,305755.87953721546
1137,224575.6671628952
1138,175678.26315407315
1139,176551.58482049825
1140,6579668.971484108
1141,68267.03725872026
1142,1836.1000143745914
1143,3694233.5594078316
1144,2534525.1954296967
1145,2936520.4229590176
1146,148817.47418134287
1147,6236318.746696234
1148,1675465.3430008786
1149,2160266.0998786218
1150,688700.1578290826
1151,331130.4108320479
1152,326604.96549774054
1153,5833219.1828223895
1154,56577.642208355246
1155,7663516.3284911625
1156,1489970.7808204456
1157,778646.5490226122
1158,6829627.787150562
1159,30124.765503737843
1160,10697234.61795821
1161,690584.9134149319
1162,15236195.68837092
1163,143489.70275357855
1164,13786201.450047188
1165,18221639.6203177
1166,16011429.755910967
1167,349938.1429250862
1168,1415372.8306145635
1169,5644993.706669215
1170,77019110.24817835
1171,2726395.0305034053
1172,11642.109012125526
1173,8451757.06486088
1174,2098534.3657849035
1175,423541.33452593954
1176,3752437.79857654
1177,107038.52916509146
1178,8545134.479819635
1179,11166748.394293645
1180,390604.8445859798
1181,599756.9921624378
1182,188388.62927981908
1183,4514153.872511194
1184,3316926.572127142
1185,1489243.1418315102
1186,15342.405633244663
1187,4057224.6080090846
1188,221739.67884298041
1189,125971.3059424148
1190,8108884.842048807
1191,198627.6225299416
1192,612196.5690363436
1193,1564615.561500585
1194,649113.8330594898
1195,153450.40415051742
1196,16553.31781977322
1197,40222998.829582796
1198,1487618.0387202888
1199,1360264.0822583186
1200,565631.046107519
1201,47350.99163558427
1202,242350.6782437102
1203,596614.6076973883
1204,55061730.40806333
1205,149754.31394926878
1206,798723.5814545039
1207,12067211.940603519
1208,559305.1581575093
1209,234375.03830014123
1210,279909.26602090383
1211,328417.41411198163
1212,629396.8881873904
1213,169529.3607761385
1214,977650.4580472861
1215,2301533.1070038197
1216,21132.23754488537
1217,12618051.931530794
1218,1567101.3314947058
1219,160879.33543578256
1220,1333759.3023519677
1221,1376861.8533146097
1222,583615.9052007102
1223,209644.23849005997
1224,693096.6330306655
1225,149440506.64681438
1226,3624534.7761400966
1227,340828.3696985061
1228,312921.5596826128
1229,686893.7910112152
1230,248652.40865180828
1231,170844.40121344337
1232,1483738.230444597
1233,452565.31902275747
1234,71860.64962680545
1235,341035.6027480988
1236,517789.584298327
1237,21132.35942900693
1238,3458929.8833586746
1239,5103945.654358873
1240,2245294.0949787004
1241,3146749.814426295
1242,733033.6885540521
1243,752134.4221584834
1244,23019.839189792983
1245,321160.5273029199
1246,327882.11295493646
1247,7804486.301580291
1248,67184.01758279651
1249,518994.7269969322
1250,40328.256243076175
1251,158367.81208944088
1252,5021968.762960106
1253,323801.35375109175
1254,1133832.5086210691
1255,1008538.9938358965
1256,295399.20900388504
1257,131827.2008722606
1258,605272.6222664136
1259,785439.7845544165
1260,2027671.8878876022
1261,622199.2671150991
1262,1535325.9314439828
1263,1746078.8855960022
1264,997572.5587276523
1265,1098433.5390455557
1266,1676693.8681072788
1267,262616.8988224645
1268,851867.6681662668
1269,1207768.2249752323
1270,1489243.1418315102
1271,1623482.1840940898
1272,275665.5318677812
1273,541662.041856065
1274,59272.04545474425
1275,74585.92859806214
1276,47895.03906575171
1277,4682948.714250123
1278,452565.31902275747
1279,3627040.5952329417
1280,241035.06636333093
1281,350208.6716706974
1282,82086.30988340196
1283,424267.17266984517
1284,123531.29488948523
1285,1301911.0807221695
1286,2960001.516818994
1287,933523.3307213701
1288,833214.4112164159
1289,838616.0680014596
1290,4969153.308729179
1291,302979.220254584
1292,3512894.2357676974
1293,84967.4347878932
1294,260678.71225692565
1295,599756.9921624378
1296,116931.12464440404
1297,788335.6328378413
1298,7903763.310402086
1299,1146842.4453872014
1300,368381.82744902465
1301,49080.84427386196
1302,250413.11252205074
1303,220248.7358517386
1304,4612.116240809672
1305,159424.88678910257
1306,392114.93624315015
1307,476868.14686825173
1308,169529.3607761385
1309,7074.407313594129
1310,240052.57063122303
1311,411417.7444716259
1312,941786.5532244846
1313,566905.4787486534
1314,1489243.1418315102
1315,15172413.858276598
1316,92787.11144384556
1317,64489.25091250101
1318,924033.1913663858
1319,3362471.6828830484
1320,89781.16819221247
1321,286943.62364707445
1322,537538.2792951373
1323,2378208.3796621696
1324,879573.9317620718
1325,85426.00544350035
1326,1795700.130379532
1327,346303.29115557694
1328,1489243.1418315102
1329,209996.74731130293
1330,1489243.1418315102
1331,27800.007118962705
1332,517864.51089209435
1333,1178459.3923917525
1334,14457701.049658168
1335,243167.03279505344
1336,340708.3770458698
1337,9290942.97189688
1338,1101040.7732201556
1339,552470.9112355472
1340,170803.90013992973
1341,110922.30597028765
1342,1103181.7137717346
1343,992198.2608784724
1344,49564.5174293716
1345,1093179.9642619162
1346,887428.6317614103
1347,1442931.01592439
1348,2891255.618470396
1349,993296.6596570157
1350,1071289.5678701322
1351,450587.15295559133
1352,204498.91618463374
1353,220248.7358517386
1354,56405.88812109595
1355,1012984.5496263029
1356,345901.8529593833
1357,676150.6524327563
1358,158754.72397833643
1359,6812805.168953493
1360,518209.2572201388
1361,773881.0465811571
1362,135714.1904673758
1363,3193812.0087289754
1364,2822057.3662367878
1365,578940.3791480223
1366,618013.0447687104
1367,494470.7774838372
1368,2491339.4516725
1369,193160.02771718055
1370,164564.2049846612
1371,1272100.6453968103
1372,3961907.100815164
1373,408827.5432430748
1374,1004221.3081141603
1375,194688.27273421152
1376,76699.56935260072
1377,3200804.144767749
1378,22506794.35565628
1379,9417907.410119276
1380,104775.15918153198
1381,1670269.22564313
1382,1943313.1494588421
1383,811624.852810673
1384,823461.8935468302
1385,874064.9397307364
1386,1266443.3643729934
1387,1051541.9895016267
1388,384659.80820227484
1389,196744.32900503417
1390,570791.5347438027
1391,90616.74777769763
1392,878050.5181280277
1393,575924.8062805608
1394,1370538.4934262785
1395,1489243.1418315102
1396,909230.8634001012
1397,1488382.3723691092
1398,1489243.1418315102
1399,2908139.878490827
1400,803107.3978149318
1401,34305.62470158492
1402,773281.7651647441
1403,47919.48685377138
1404,629396.8881873904
1405,4013282.626499562
1406,951372.9287710579
1407,1497505.053568658
1408,2124828.36792053
1409,361395.0925058122
1410,1372137.4651932619
1411,539883.0272459146
1412,505565.7259281918
1413,585030.4910462564
1414,1683001.918119757
1415,2378208.3796621696
1416,1645341.2126435437
1417,66076.66516998457
1418,13366.36279377481
1419,1273793.142309517
1420,1217896.9317992856
1421,15172413.858276598
1422,679876.1477995518
1423,874180.6203824126
1424,90616.74777769763
1425,1489243.1418315102
1426,667380.6383620098
1427,1835999.7687244047
1428,258490.59829257405
1429,16011429.755910967
1430,14282822.441432327
1431,263749.3256954951
1432,6458328.895803899
1433,318359.9879463655
1434,2455030.186780113
1435,414406.6848048954
1436,1489243.1418315102
1437,242262.3245368984
1438,4778699.675139786
1439,1671127.7271762677
1440,39131.08478609193
1441,897594.3995116488
1442,13617.015022052452
1443,511114.9287612764
1444,4069274.4588335403
1445,1611299.0281168697
1446,3512894.2357676974
1447,491398.46188028716
1448,1322987.3899228042
1449,3828951.8791219485
1450,1525950.1597370086
1451,3041646.6056608846
1452,4499078.43196035
1453,499243.6350293817
1454,1542136.071100357
1455,3708429.039126404
1456,1048401.846728913
1457,250998.8433449578
1458,1185775.3367401513
1459,937304.626803122
1460,292041.6126359035
1461,1048751.9500736466
1462,275780.7081662747
1463,2336571.782363475
1464,14231667.434107058
1465,1139283.7846624665
1466,465554.0625088087
1467,6362021.869498907
1468,94228.34373195749
1469,3417456.8856201023
1470,38341873.5923425
1471,442711.1061744529
1472,6152783.812059946
1473,775553.6236775112
1474,662896.5477159523
1475,1971926.1236250936
1476,715004.8089303111
1477,7961046.899109058
1478,7180781.535463743
1479,7856324.02154585
1480,2118663.1630149963
1481,4453476.315299306
1482,675230.5356352604
1483,35164.34113966278
1484,98988.95654661581
1485,564058.9162181962
1486,93624097.49419577
1487,1344673.196024636
1488,635562.2352898498
1489,100073.92872202699
1490,2689745.6042042216
1491,2094845.1750626499
1492,207898.29847645923
1493,294611.00855768146
1494,2069418.6094451249
1495,570791.5347438027
1496,1489243.1418315102
1497,5429632.094270129
1498,2142542.3649780243
1499,1787395.163788261
1500,7268102.342540735
1501,61460.3469652771
1502,786897.7455253955
1503,23019.839189792983
1504,22907.17233793484
1505,4401380.756373692
1506,283385.7441460774
1507,214301.0764787239
1508,7961046.899109058
1509,116010.22353312024
1510,483708.50134559255
1511,1084186.60162237
1512,1037849.4451516019
1513,6684953.460468464
1514,14411.07413869584
1515,3529001.231842626
1516,76774.21190131083
1517,729544.0293080865
1518,187789.50033550407
1519,2746852.9198580473
1520,557043.790220581
1521,715004.8089303111
1522,159357.24232086353
1523,6362021.869498907
1524,38341873.5923425
1525,1703078.171414001
1526,525856.2339726293
1527,5667133.437509593
1528,45722.15441920096
1529,22776.50176891219
1530,1145259.3729229108
1531,1617940.8792376975
1532,584832.6580082085
1533,1662514.5296632072
1534,893239.4551923666
1535,147649.1325525744
1536,408072.4370560674
1537,27779.973832475953
1538,99606884.71137133
1539,1855466.697401944
1540,3377832.549309158
1541,1346070.3686301126
1542,338091.45827890374
1543,3194581.2257830407
1544,63419.83267662162
1545,1489243.1418315102
1546,4037228.711279116
1547,1073293.8051889741
1548,1436939.4614917585
1549,8894754.37461675
1550,1489243.1418315102
1551,253129.7467621076
1552,990750.3915058319
1553,2207734.1918122894
1554,3263950.3758293903
1555,722734.110206492
1556,2555957.6322387853
1557,57213.69528437732
1558,267201.5819591433
1559,181081.4407785402
1560,453050.9813948213
1561,2018515.1495105284
1562,502213.684882205
1563,661824.2821006032
1564,311244.33444541227
1565,526219.0845456822
1566,804115.1986353542
1567,903011.3952244329
1568,4349295.284206752
1569,355729.67067997577
1570,1566054.483899249
1571,1175385.6679895627
1572,526135.3098437489
1573,61149.211315084714
1574,1769654.930096488
1575,531557.6564094832
1576,58646.49505673023
1577,4777003.334831843
1578,225981.5995330736
1579,525949.2709416864
1580,4768038.1109405905
1581,1313458.4381102552
1582,68664.88716609636
1583,143165.46895838715
1584,51689.43522797478
1585,9593.486353793647
1586,4218382.9825771125
1587,868302.1884241808
1588,1489243.1418315102
1589,2578940.134671377
1590,1138072.3567471576
1591,584305.3109628971
1592,35759.0551922922
1593,27048.517284406815
1594,263180.05633810954
1595,541662.041856065
1596,630605.393868844
1597,28680818.081688784
1598,67958.97778565134
1599,424267.17266984517
1600,1133663.2798550893
1601,20285060.678249314
1602,1572716.8762980462
1603,93387.6088542256
1604,7201126.984911326
1605,750973.3970809656
1606,1489243.1418315102
1607,997572.5587276523
1608,1012984.5496263029
1609,1154209.4641532786
1610,3274773.9222957706
1611,663037.8974660928
1612,1489243.1418315102
1613,127134.77920412133
1614,86351.70187649503
1615,440245.4502801071
1616,220564.17564180563
1617,597112.7592046517
1618,1839742.1015233905
1619,17372209.67211081
1620,15001635.91655848
1621,835641.0810171715
1622,203864.71280832682
1623,515620.09327469463
1624,3099665.0519313873
1625,663037.8974660928
1626,209049.36825108505
1627,13477366.90466585
1628,1489243.1418315102
1629,299806.81132626627
1630,1276929.1353639048
1631,1229543.915146989
1632,6206220.528843304
1633,1814469.1998426183
1634,1489243.1418315102
1635,661824.2821006032
1636,8459396.248878347
1637,1384647.8658298787
1638,567253.6198511026
1639,956516.7363204216
1640,9224876.03584423
1641,1001533.3958890446
1642,11166748.394293645
1643,223084.50267840037
1644,1210446.346462452
1645,1491799.2285656608
1646,148863.3057379427
1647,6133442.445788475
1648,776660.3937682221
1649,2434998.8332070597
1650,3904870.1467754324
1651,1839211.2855361227
1652,1093179.9642619162
1653,60462.22072714777
1654,1230001.3887708636
1655,2118663.1630149963
1656,4768141.534991239
1657,46321.77062330255
1658,1317741.5237262016
1659,74585.92859806214
1660,1272719.0370155503
1661,1030693.1165720406
1662,2330915.9184659813
1663,4030587.4226180674
1664,20285060.678249314
1665,556119.8199417642
1666,903011.3952244329
1667,2603374.9398724157
1668,1204652.0532841394
1669,878050.5181280277
1670,2936520.4229590176
1671,296469.32179874135
1672,1342004.2596934382
1673,1743646.5110146985
1674,1489243.1418315102
1675,110373.29066390521
1676,1683001.918119757
1677,1453804.3734803707
1678,337964.51433504047
1679,750133.6686792197
1680,878050.5181280277
1681,324353.3428700925
1682,116931.12464440404
1683,1757491.80880327
1684,2301001.5665422925
1685,600481.3728259909
1686,66076.66516998457
1687,554382.1829458772
1688,1047940.3751529886
1689,179111.3163111289
1690,58154.89138880791
1691,1489243.1418315102
1692,289341.4083001432
1693,837331.14505083
1694,600717.7248284505
1695,225530.68129667593
1696,32197.662087608827
1697,572399.9543391225
1698,1249598.7176274438
1699,238367.72132185707
1700,29124084.324440148
1701,1001533.3958890446
1702,416557.7488798378
1703,76699.56935260072
1704,5460549.930995544
1705,1453804.3734803707
1706,573359.9625744638
1707,209996.74731130293
1708,330866.71481329226
1709,10215193.30730576
1710,1036217.5158377077
1711,2158219.2050768156
1712,762435.3747615959
1713,427156.1758015747
1714,1453804.3734803707
1715,1489243.1418315102
1716,321050.3110604235
1717,1414697.493112981
1718,324079.81637705443
1719,109402.06274331594
1720,3099665.0519313873
1721,9178.414838585537
1722,228661.56914612884
1723,8821222.686116768
1724,4226543.68625463
1725,3326331.317769317
1726,1573194.723207979
1727,78178.63535234681
1728,1449252.9351051976
1729,1568364.2020678883
1730,101654.61014264543
1731,1216228.4798057587
1732,1925327.8545488014
1733,581496.8778256697
1734,200825.2041151577
1735,24461.97096037329
1736,24917802.215976913
1737,172715.21672725002
1738,886099.7007102827
1739,1525950.1597370086
1740,-2244346.5072047827
1741,679001.2204129726
1742,1489243.1418315102
1743,799345.7493979748
1744,2090767.3449076207
1745,994753.4176368956
1746,559562.9881200469
1747,321719.80357670854
1748,20617128.90793637
1749,341265.35345031833
1750,637055.319450649
1751,140502.21826189896
1752,3545011.212647759
1753,1110207.6995162214
1754,629396.8881873904
1755,878050.5181280277
1756,54232688.83498327
1757,4419749.525377206
1758,282032.8098169542
1759,-17422769.852371357
1760,498724.5843573371
1761,349025.8712142394
1762,2322843.7570601082
1763,1024368.7175942512
1764,712150.1184671223
1765,640883.1662771353
1766,357905.3632091852
1767,149440506.64681438
1768,130028.33016060805
1769,1512237.2646526601
1770,585597.4488136698
1771,466084.7896602106
1772,1752602.0175268431
1773,405150.9209576461
1774,4410746.1910589915
1775,593311.5349342008
1776,164061.19177547982
1777,348530.4181702968
1778,-505324.43090134766
1779,69533.65996385645
1780,733033.6885540521
1781,103233.38250130275
1782,1185775.3367401513
1783,158578.04227762762
1784,261439.7938467837
1785,10197649.496330561
1786,267812.602318452
1787,4560988.857482182
1788,-2994231.0296795187
1789,1489243.1418315102
1790,523673.31182850164
1791,29702.073011206463
1792,3200804.144767749
1793,2455030.186780113
1794,159978.0148427491
1795,126931.36886178772
1796,618403.467492641
1797,629396.8881873904
1798,106668.21471017227
1799,7737770.502770528
1800,2245294.0949787004
1801,2060936.6136917528
1802,1012984.5496263029
1803,79280.34689717228
1804,183115.52548804926
1805,248718.76576507324
1806,1231603.044329682
1807,49958.84786411794
1808,869099.6807032919
1809,293428.6569082723
1810,-710371.29620414
1811,122530.11558049219
1812,170803.90013992973
1813,1489243.1418315102
1814,181114.9336966758
1815,1555922.6459029918
1816,79000.15906901425
1817,574938.478234864
1818,950099.665603807
1819,442774.74143982306
1820,100898.94485596381
1821,848416.262067521
1822,459755.62434892263
1823,4682948.714250123
1824,2301533.1070038197
1825,176309.56498304708
1826,254950.54260973493
1827,472447.04273082037
1828,1717579.4524185592
1829,206380.37454617722
1830,1109278.5403662487
1831,539883.0272459146
1832,78178.63535234681
1833,933523.3307213701
1834,467599.95013331017
1835,34966503.246802166
1836,395177.5796807755
1837,1322987.3899228042
1838,1611299.0281168697
1839,258389.83837581566
1840,1133108.869602227
1841,197794.76930924784
1842,452087.3118360501
1843,232885.41613138514
1844,2616413.5072814394
1845,1746078.8855960022
1846,539883.0272459146
1847,819025.2845146059
1848,800360.1423572754
1849,1037363.0581507566
1850,471522.06655907957
1851,53954.41545220232
1852,200625.3384101363
1853,37392296.63048566
1854,308530.9803663823
1855,6334943.530730953
1856,2526786.982263503
1857,2589880.24975347
1858,809691.6048234589
1859,244834.70096235257
1860,16104366.086587343
1861,34055.53483572113
1862,715571.099297144
1863,287330.9813477793
1864,296572.21513781627
1865,225118.56035203487
1866,1489243.1418315102
1867,63416.69534359826
1868,2069418.6094451249
1869,1489243.1418315102
1870,3458929.8833586746
1871,1031549.6742570153
1872,4945475.297739732
1873,1489243.1418315102
1874,558884.6771062766
1875,661107.1571344812
1876,326534.27182310587
1877,987805.6641006491
1878,1675465.3430008786
1879,20343879.209405556
1880,2756954.816073414
1881,1785311.3008202408
1882,10819445.600515153
1883,4587047.4641708005
1884,1489243.1418315102
1885,4218382.9825771125
1886,908915.8490476321
1887,161497.3502771547
1888,1186554.0773150981
1889,287330.9813477793
1890,92511.12257666048
1891,2066534.884679669
1892,1697119.528660903
1893,34729.550773454364
1894,4229993.800086763
1895,433400.03410541406
1896,1124180.124466783
1897,293285.83913919213
1898,3458929.8833586746
1899,281708.645943956
1900,1675961.941518473
1901,716570.7580137526
1902,267198.29217332206
1903,20285060.678249314
1904,2149440.4933386804
1905,2301533.1070038197
1906,374682.0128868455
1907,4229993.800086763
1908,1666645.4666631739
1909,1660656.2125689867
1910,2274644.8949243543
1911,500240.5597147129
1912,3829821.644710504
1913,392071.99779242044
1914,271224.1450370082
1915,1182432.4816551832
1916,559562.9881200469
1917,110922.30597028765
1918,15403754.545634815
1919,289595.62109106476
1920,1489243.1418315102
1921,140502.21826189896
1922,46600.95250002225
1923,197586.86005879333
1924,675586.0892307861
1925,10190624.784214554
1926,733447.5123629184
1927,340708.3770458698
1928,807029.467424568
1929,9431685.43272422
1930,256287.88653531438
1931,905660.4958485865
1932,1964631.1140301446
1933,4320014.590240821
1934,2233792.8971801964
1935,6950028.489450844
1936,4164130.3411155436
1937,-1731636.9974503308
1938,245449.6298062713
1939,513788.075792674
1940,5367512.152445765
1941,1868406.7683808606
1942,2518962.825226894
1943,245449.6298062713
1944,799345.7493979748
1945,69861.71514031105
1946,5787954.873209005
1947,1489243.1418315102
1948,453050.9813948213
1949,9627.59279263392
1950,7663516.3284911625
1951,888328.3973675095
1952,3200804.144767749
1953,4909175.507382322
1954,940171.4323519212
1955,1489243.1418315102
1956,846436.8235944787
1957,621064.1009689819
1958,512702.6124659603
1959,559971.2744427123
1960,728071.6290260316
1961,912480.522056536
1962,887872.9413798647
1963,94005.06643557712
1964,2795187.0053912676
1965,2434998.8332070597
1966,184907.11966203293
1967,1489243.1418315102
1968,517977.1830084701
1969,2075912.9126912067
1970,1129562.540896353
1971,194464.84572678106
1972,113780.73713534418
1973,2674852.5482849283
1974,347611.6863434226
1975,615443.0540656175
1976,2377042.6141488007
1977,105848.47888064804
1978,709906.2849953284
1979,282893.23181400215
1980,209295.95846862672
1981,297712.87767236354
1982,5680694.444044201
1983,847813.0243100501
1984,331780.0242892152
1985,594122.8545152312
1986,73442.07351566292
1987,274506.7512075871
1988,2101383.662724113
1989,1124180.124466783
1990,313487.33107335796
1991,63859.576611131895
1992,807029.467424568
1993,622199.1770610171
1994,1588620.860372717
1995,2236262.262946413
1996,3225018.599925509
1997,781086.7114687422
1998,27886929.851961404
1999,155369.79597299965
2000,557644.4053074205
2001,474471.41515368223
2002,323673.7404627248
2003,565631.046107519
2004,56054.04924764531
2005,2975.7614690298215
2006,247642.64369461662
2007,555551.5989604654
2008,1489243.1418315102
2009,1048751.9500736466
2010,999175.7948182351
2011,245449.6298062713
2012,2157586.811320743
2013,999550.100735209
2014,1146842.4453872014
2015,25898.229202835122
2016,-11838024.382347785
2017,675815.3813988651
2018,530387.4260374871
2019,1489243.1418315102
2020,1404227.8894192525
2021,308794.9413893656
2022,299739.4260963551
2023,393969.14701648545
2024,409609.9966872919
2025,51424.291579372715
2026,9195106.126731848
2027,749272.6633513646
2028,1231603.044329682
2029,945651.8696311433
2030,36108.83510537818
2031,3289155.6009566947
2032,11696576.860923028
2033,893902.1869894555
2034,985971.9290364352
2035,1489243.1418315102
2036,944036.4195665722
2037,1093179.9642619162
2038,3306210.9044547603
2039,3153133.1501456364
2040,27115.030036791693
2041,19004227.919263687
2042,579473.3773222552
2043,5983156.950282168
2044,920559.6463035685
2045,7268102.342540735
2046,6177889.561945101
2047,11144.757098410744
2048,287860.4669631324
2049,1489243.1418315102
2050,371635.76527745114
2051,140502.21826189896
2052,15001635.91655848
2053,53037.05066344002
2054,27686047.232336298
2055,49654.19703519228
2056,2624734.449948532
2057,1611299.0281168697
2058,1005553.009845927
2059,335220.1051124679
2060,645033.1357672471
2061,190555.94250535802
2062,2222659.19876876
2063,23019.839189792983
2064,394955.3603618196
2065,1941623.558422287
2066,1489243.1418315102
2067,8459396.248878347
2068,14717.090736068552
2069,397508.79701345763
2070,28033464.605337437
2071,2333284.4171269136
2072,4955350.835552754
2073,15050605.230859678
2074,1835975.3723260532
2075,21868.143070721533
2076,293229.83408869524
2077,2341255.36925109
2078,396181.8496136328
2079,240904.18933358463
2080,222570.78107495373
2081,1489243.1418315102
2082,184809.21415877598
2083,791150.5422079512
2084,3986662.725261048
2085,1489243.1418315102
2086,261347.11896344274
2087,46321.77062330255
2088,182581.38563188724
2089,2567542.5674583884
2090,1327440.231163362
2091,1557096.3617629386
2092,871633.1435458653
2093,876103.142828659
2094,452326.54773102
2095,1970987.6654813047
2096,1110207.6995162214
2097,585780.170305484
2098,444451.1779611247
2099,691252.0031006477
2100,2411031.3918109676
2101,1502313.4520137769
2102,1844925.3966676716
2103,64695.73203436006
2104,5471984.477291543
2105,2118663.1630149963
2106,115845.55657009454
2107,12067211.940603519
2108,406539.20859707985
2109,437050.48605469917
2110,573359.9625744638
2111,78608.66102601169
2112,768082.9228837946
2113,6277093.699425889
2114,2674439.156790769
2115,93413.25576594891
2116,1321264.2266700596
2117,36709607.43132338
2118,3122959.089416661
2119,1489243.1418315102
2120,2472771.7517701616
2121,489827.21412458504
2122,303861.6475311252
2123,15991.593431079295
2124,15001635.91655848
2125,48926.03427200671
2126,13113.016360644484
2127,8204877.11342708
2128,405150.9209576461
2129,3153540.623265928
2130,9224876.03584423
2131,3914844.524594599
2132,2616060.2903083395
2133,110922.30597028765
2134,826479.9817054766
2135,956516.7363204216
2136,1489243.1418315102
2137,1156423.7244629273
2138,17802797.509475682
2139,397508.79701345763
2140,458173.140744654
2141,971147.7332290453
2142,1192979.822414359
2143,92511.12257666048
2144,4499078.43196035
2145,1453804.3734803707
2146,110921.33386726631
2147,693532.8022997244
2148,1505150.1730264577
2149,3580952.6735079363
2150,77336.278636734
2151,2190799.1269660764
2152,65363.964220554335
2153,846436.8235944787
2154,153840.55612987676
2155,274506.7512075871
2156,3290740.9572876957
2157,53607.39578359225
2158,235650.62694778736
2159,19023197.889534652
2160,2696814.87537985
2161,1828384.171412356
2162,2992121.99030314
2163,261562.3194013359
2164,44725232.108136386
2165,88766.6301904216
2166,1021426.947529595
2167,558992.7901273142
2168,1190177.4077260518
2169,6714755.986507028
2170,1601667.4125111152
2171,1145259.3729229108
2172,5853076.772721177
2173,2504769.418056821
2174,3146749.814426295
2175,553779.0169175863
2176,202103.30385562126
2177,1489243.1418315102
2178,198178.26843925193
2179,8664.14634891972
2180,858410.3807372106
2181,1214011.3868037113
2182,545906.8151288433
2183,1072285.74457078
2184,513788.075792674
2185,2160266.0998786218
2186,327577.38540511555
2187,1262859.4339100881
2188,133164.2136534308
2189,450785.3658245406
2190,1523275.3219360048
2191,41049.99006511946
2192,1203615.938406542
2193,34369.92405565386
2194,1286973.3484244556
2195,1489243.1418315102
2196,660854.5283627777
2197,35608.97731586173
2198,100898.94485596381
2199,286989.42847473035
2200,1520347.5839006242
2201,131845.51565424702
2202,190865.87540938705
2203,972700.8425729284
2204,41683070.2603573
2205,100976.54059046647
2206,2722444.266496679
2207,1941623.558422287
2208,58646.17986959289
2209,3340968.480896532
2210,2060936.6136917528
2211,106574.0048296689
2212,88094.3045792391
2213,144386.9640744715
2214,279976.1041199076
2215,992198.2608784724
2216,27447.129976777826
2217,2320072.758884722
2218,153101.12036482827
2219,125906.93633025279
2220,5680694.444044201
2221,104425.99729104177
2222,2946117.8739228914
2223,1276749.8002783535
2224,1487618.0387202888
2225,2520056.5601082295
2226,472360.57456362294
2227,606284.2903052666
2228,2925620.143278336
2229,-8611761.616639672
2230,257587.66215028614
2231,3754897.4537367714
2232,241006.90445170226
2233,137242.55346699618
2234,318807.3982449332
2235,-14742670.272962393
2236,42792.82581464527
2237,14457701.049658168
2238,277661.4454785385
2239,1295830.4353313297
2240,1489243.1418315102
2241,1563545.0521659204
2242,168882.35298755812
2243,586838.9782556673
2244,163767.69233814953
2245,553415.1424649548
2246,3458601.4039959884
2247,761092.6503860843
2248,3132165.8341105864
2249,111785.98626310425
2250,129725.10281783645
2251,587347.3497464416
2252,882599.9281878644
2253,2274644.8949243543
2254,43632323.47145139
2255,50447.46701306058
2256,1145780.52351772
2257,1507040.5246227393
2258,178807.8823449968
2259,1489243.1418315102
2260,93263.64226388931
2261,8790054.22972063
2262,2393420.0799695197
2263,1047399.0673945344
2264,232885.41613138514
2265,38341873.5923425
2266,5893867.071193533
2267,2791771.853949554
2268,1833693.3417074052
2269,1489243.1418315102
2270,3063523.9832597706
2271,442983.90910853306
2272,1056607.752039045
2273,61868.3287440408
2274,288494.91692643985
2275,2960001.516818994
2276,54622.90793578932
2277,853448.2602095939
2278,185575.9019529675
2279,303861.6475311252
2280,438579.4287799862
2281,57710.880436673295
2282,1859925.3962387037
2283,411427.86709857406
2284,2805214.3784346213
2285,130447.99543722975
2286,1344806.1272364443
2287,65411.98639011802
2288,-8433401.5114899
2289,190721.0853674442
2290,30260.384883367922
2291,1627250.23994287
2292,1493092.0303887557
2293,1683001.918119757
2294,1489243.1418315102
2295,23629516.741916463
2296,55049655.731645234
2297,1048751.9500736466
2298,474261.8005355955
2299,146240.23645247356
2300,537780.0701948893
2301,34055.53483572113
2302,1119525.713282568
2303,406294.5003791158
2304,10259.23701480776
2305,305647.15871517523
2306,874221.0753519265
2307,177288.84729520837
2308,1489243.1418315102
2309,481349.6268110168
2310,1489243.1418315102
2311,2480479.970335195
2312,1882676.5550097083
2313,476795.52846628847
2314,2225970.3670335566
2315,1790243.440271054
2316,755325.6414813431
2317,156435.61723261955
2318,304936.49571671756
2319,558488.789940313
2320,854591.5066700629
2321,82178.21540432493
2322,1216201.3644898706
2323,1567101.3314947058
2324,4228231.880565211
2325,2669682.49149609
2326,266401.22239851253
2327,856223.7150609023
2328,1024368.7175942512
2329,79010.18705027015
2330,2830742.714022931
2331,2946773.5078831357
2332,1076127.9036484282
2333,1404227.8894192525
2334,1489243.1418315102
2335,80111.23838778678
2336,1468899.3930160669
2337,36664.38159634895
2338,874889.7403618812
2339,1022978.1205511377
2340,18221639.6203177
2341,3153133.1501456364
2342,6277093.699425889
2343,9710726.639935773
2344,1790243.440271054
2345,923506.6663363808
2346,3904870.1467754324
2347,2504804.206208635
2348,71192.00181285711
2349,134234.5837939917
2350,73640564.01749042
2351,6249076.256239394
2352,873437.3167181527
2353,5833219.1828223895
2354,1896844.6106272861
2355,27464.79160586698
2356,17613.15394478268
2357,406294.5003791158
2358,1489243.1418315102
2359,121016.02967191231
2360,-2144691.899283118
2361,9178.414838585537
2362,898489.1021112591
2363,666640.7589845348
2364,286943.62364707445
2365,186038.110822425
2366,17613.15394478268
2367,1098900.6850526961
2368,360617.29919169564
2369,1585934.8523722813
2370,482327.10794362845
2371,169529.3607761385
2372,2086289.8477143133
2373,321160.5273029199
2374,365334.9102573707
2375,7903763.310402086
2376,3274773.9222957706
2377,239443.47207862767
2378,56056.56622825144
2379,537538.2792951373
2380,27454.30585245602
2381,785439.7845544165
2382,-17209695.719228987
2383,2390229.9769394365
2384,3447.051366148051
2385,441857.1533299844
2386,2278726.5585371996
2387,1404227.8894192525
2388,769441.91144927
2389,72374.8765866668
2390,554600.9121681643
2391,13736640.937748376
2392,267083.22043033945
2393,2062903.3981951168
2394,1579690.4654533751
2395,1622530.7900541802
2396,1101057.6805609881
2397,250996.6414436961
2398,494470.7774838372
2399,202625.33809325495
2400,820349.7572434354
2401,791854.2496289543
2402,49185.0025709928
2403,1076127.9036484282
2404,7268102.342540735
2405,1295830.4353313297
2406,811624.852810673
2407,7035699.817129996
2408,1153812.1062848684
2409,1098900.6850526961
2410,1489243.1418315102
2411,10902912.723503262
2412,359530.59237331944
2413,196617.76866170205
2414,1982817.9071801552
2415,1223218.540066308
2416,693096.6330306655
2417,1373940.3789938474
2418,161813.94945831923
2419,366816.5183330034
2420,2406785.3551573334
2421,202103.30385562126
2422,177487.44243955077
2423,1692484.2266239198
2424,348160.0085346154
2425,1932689.8041917034
2426,4256760.7246120665
2427,-2483995.497824356
2428,281104.4628645573
2429,604584.7014782345
2430,13554655.166305743
2431,693096.6330306655
2432,5471984.477291543
2433,-486546.7419150579
2434,6334943.530730953
2435,1370538.4934262785
2436,868302.1884241808
2437,2091873.5776110883
2438,2320042.3607965545
2439,3172988.7396221296
2440,2013135.288224124
2441,235650.62694778736
2442,6236318.746696234
2443,211922.82835423388
2444,331130.4108320479
2445,1031549.6742570153
2446,1489243.1418315102
2447,1202997.7362557768
2448,1184359.270633769
2449,341265.35345031833
2450,36709607.43132338
2451,36016.60599160474
2452,41880.373180173105
2453,1882676.5550097083
2454,4450607.042036323
2455,1950534.1664811918
2456,1042047.6649892235
2457,5787954.873209005
2458,356589.77531586867
2459,179665.22083712975
2460,922073.4560144737
2461,6195966.289046956
2462,685907.2024469688
2463,325544.34294394264
2464,2823964.0687206965
2465,2822057.3662367878
2466,1489243.1418315102
2467,326607.8625921053
2468,68664.88716609636
2469,4159076.9128895113
2470,1925591.4366239368
2471,225458.98983517056
2472,1489243.1418315102
2473,2244111.933300967
2474,584305.3109628971
2475,640883.1662771353
2476,1874258.7143678379
2477,1090223.0000478667
2478,861597.11264042
2479,2685814.359639738
2480,182338.1603641403
2481,1157380.5419289786
2482,178404.53359748423
2483,393969.14701648545
2484,12618051.931530794
2485,65995.93832616741
2486,284804.7379896566
2487,3640077.6024152976
2488,1468899.3930160669
2489,887872.9413798647
2490,3322861.7275230973
2491,2435926.303091661
2492,5020951.597343027
2493,258389.83837581566
2494,1589486.2813600316
2495,152776.34665051708
2496,13477366.90466585
2497,14231667.434107058
2498,47092.45590069541
2499,1145744.8361833603
2500,96285.02397708362
2501,32678.89405257674
2502,320894.45782207
2503,883543.2894156253
2504,663037.8974660928
2505,6223324.21381356
2506,393906.4340380919
2507,3224121.481839546
2508,356589.77531586867
2509,326534.27182310587
2510,361395.0925058122
2511,1922203.6578001273
2512,345357.85284987953
2513,1819608.6134213186
2514,17751.67262147041
2515,92787.11144384556
2516,788335.6328378413
2517,1278986.6295256405
2518,3470446.2029981776
2519,738590.6319009434
2520,17485751.7285418
2521,1339374.369999727
2522,866679.1969732144
2523,244633.83845903026
2524,22776.50176891219
2525,2432663.3512565875
2526,4969153.308729179
2527,53329.19641882647
2528,4850896.77891729
2529,1717579.4524185592
2530,2032537.6435546288
2531,17943531.068980508
2532,1572716.8762980462
2533,660392.0717128315
2534,202849.22389980732
2535,499435.3896511276
2536,3627040.5952329417
2537,480559.62399379513
2538,1970987.6654813047
2539,557644.4053074205
2540,3559794.0466727763
2541,2455030.186780113
2542,922625.936337247
2543,1415372.8306145635
2544,42792.82581464527
2545,113822.04125663475
2546,494088.9978438016
2547,687439.1231848397
2548,518994.7269969322
2549,38419.83086836897
2550,1891509.6418119017
2551,121215.53572217352
2552,198627.6225299416
2553,655465.1757144532
2554,1489243.1418315102
2555,16758149.18318596
2556,2262730.0188811254
2557,392071.99779242044
2558,755861.1922512851
2559,169068.28364655352
2560,233581.7305217185
2561,6206220.528843304
2562,60462.22072714777
2563,448379.143959804
2564,430744.41304231575
2565,476795.52846628847
2566,1313458.4381102552
2567,2086933.7620410325
2568,618013.0447687104
2569,689563.1749216743
2570,5324811.045886477
2571,4835064.225871559
2572,312921.5596826128
2573,169529.3607761385
2574,13807119.83878317
2575,1150775.6728005842
2576,1105374.9989154004
2577,2860060.7196910353
2578,1005553.009845927
2579,408827.5432430748
2580,1489243.1418315102
2581,6194664.151289251
2582,45451.57335914392
2583,1746078.8855960022
2584,752800.6349769135
2585,1223218.540066308
2586,4230758.19224515
2587,1133832.5086210691
2588,906926.05454623
2589,1645341.2126435437
2590,552793.7020460875
2591,183102.50842032162
2592,770801.5341687702
2593,1655907.324450931
2594,841943.8104516114
2595,71860.64962680545
2596,268720.1733271424
2597,88854.57821211917
2598,2160266.0998786218
2599,15597169.961206999
2600,1518736.6676329318
2601,63859.576611131895
2602,828239.8908255917
2603,13308.605390368495
2604,286943.62364707445
2605,275522.8387401742
2606,196617.76866170205
2607,5835202.1140888985
2608,558884.6771062766
2609,288494.91692643985
2610,881532.8670277898
2611,396150.12562603736
2612,109655.91609537229
2613,59272.04545474425
2614,2233792.8971801964
2615,1072285.74457078
2616,779424.6443240815
2617,1105374.9989154004
2618,243622.96581717022
2619,46003804.694544695
2620,663872.6535105108
2621,1369878.7921598176
2622,3289631.735993987
2623,23750.146129867062
2624,1300824.6621840089
2625,4218382.9825771125
2626,15597169.961206999
2627,906926.05454623
2628,-2072246.1196408523
2629,349241.9898254676
2630,11269582.854257934
2631,603261.7624700846
2632,1489243.1418315102
2633,3775975.5887540923
2634,924033.1913663858
2635,788335.6328378413
2636,29124084.324440148
2637,3415862.547856078
2638,139141.9832510529
2639,2456418.903002418
2640,23783.756593650207
2641,522267.9583380753
2642,101536.91930147214
2643,430575.8547511101
2644,1489243.1418315102
2645,755861.1922512851
2646,4678902.774735812
2647,70195.90476927534
2648,3201.7843406754546
2649,705947.9029058111
2650,1409028.3621509378
2651,164585.51440495462
2652,1069110.8016491835
2653,531343.5323213185
2654,122299.7932317811
2655,385471.5096495659
2656,1502313.4520137769
2657,173986.70657675643
2658,624075.4545965014
2659,1072896.6248119632
2660,1682068.5971050365
2661,2757895.2317796424
2662,1430314.2590530864
2663,433961.16661325935
2664,1654054.6238304619
2665,3011160.2036898714
2666,3976556.1805301686
2667,1021361.5251974057
2668,1489243.1418315102
2669,892683.09571227
2670,245332.3097240501
2671,620291.0603539734
2672,733033.6885540521
2673,1024165.7873994643
2674,719143.9761482064
2675,2353627.5864418047
2676,2278726.5585371996
2677,44405.821488462854
2678,19004227.919263687
2679,240952.49891827232
2680,940806.954717315
2681,2218716.035484398
2682,295291.4101552898
2683,739427.7479843008
2684,17728.511150375474
2685,1489243.1418315102
2686,7822074.550813064
2687,218557.76555996248
2688,2353627.5864418047
2689,264090.40926263714
2690,231878.75522908615
2691,346361.7640496236
2692,1489243.1418315102
2693,2791771.853949554
2694,149440506.64681438
2695,346563.1739507981
2696,111109.3595814819
2697,65001.22058294201
2698,7737770.502770528
2699,4056476.135553879
2700,2731241.796544671
2701,3225018.599925509
2702,229020.02251657657
2703,234522.2783900681
2704,2276175.191875076
2705,1404227.8894192525
2706,131845.51565424702
2707,185793.39079385158
2708,922073.4560144737
2709,56577.642208355246
2710,2496313.2238426125
2711,4768038.1109405905
2712,9627646.66853582
2713,99895.0366771419
2714,1322987.3899228042
2715,6098456.820181485
2716,5103945.654358873
2717,9043567.972061759
2718,34212.09043569118
2719,1406354.7477585818
2720,1217790.3901530975
2721,13326829.744149132
2722,1220091.7480455255
2723,12618051.931530794
2724,1356251.0180864183
2725,109402.06274331594
2726,2534525.1954296967
2727,1489243.1418315102
2728,1193242.27131555
2729,77019110.24817835
2730,2020838.004858625
2731,339489.4392851717
2732,964407.6509124679
2733,322696.0451663011
2734,512702.6124659603
2735,1372459.1456171898
2736,88766.6301904216
2737,1540317.8756606758
2738,89612.28136279667
2739,376913.8845888758
2740,414278.97713666875
2741,438429.81598545844
2742,46003804.694544695
2743,182922.285611626
2744,538164.8385120463
2745,234375.03830014123
2746,1234894.8720010524
2747,224832.57768220268
2748,1827987.2161836843
2749,442983.90910853306
2750,757957.1310810341
2751,639108.2701756456
2752,87768.49616394215
2753,1192470.4139546389
2754,1308592.1956468346
2755,485588.2148269168
2756,45722.15441920096
2757,294335.04999846267
2758,448024.0594059122
2759,2539910.4007306583
2760,322696.0451663011
2761,65949.92978094239
2762,8894754.37461675
2763,511785.9848667756
2764,522644.37582892785
2765,512702.6124659603
2766,442439.0282481862
2767,1183532.9088924918
2768,1448100.5595410513
2769,7778603.57439178
2770,909230.8634001012
2771,6863723.204231245
2772,1489243.1418315102
2773,319689.1174425378
2774,2253392.7659024587
2775,8894754.37461675
2776,2832238.9263372305
2777,1371167.3494251021
2778,715952.0592900619
2779,199877.05660421285
2780,1489243.1418315102
2781,372210.84287505597
2782,1662575.5729109875
2783,334521.47467237455
2784,13477366.90466585
2785,1489243.1418315102
2786,85165.98078152747
2787,915039.192745944
2788,1489243.1418315102
2789,252518.91420461447
2790,10411318.885721203
2791,310382.95434329705
2792,2099529.864660425
2793,660854.5283627777
2794,525950.5082535248
2795,225118.56035203487
2796,11642.109012125526
2797,2234746.5076525337
2798,165610.18970184145
2799,1528731.1055048304
2800,1201002.837697674
2801,125906.93633025279
2802,73860.13177477848
2803,226911.3675407949
2804,1579690.4654533751
2805,302979.220254584
2806,182176.2240916232
2807,3034031.7444867613
2808,27686047.232336298
2809,26856.220805006567
2810,690989.5982528657
2811,15163273.018090598
2812,172392.44862761395
2813,29941737.611316383
2814,4678902.774735812
2815,35410.73503762297
2816,917866.4568842738
2817,196308.39063905785
2818,158524.5672059995
2819,352355.55503292615
2820,-8533696.333097883
2821,9746.875069716945
2822,207779.71055626054
2823,530387.4260374871
2824,3754897.4537367714
2825,84561.67584183207
2826,978928.1118728771
2827,686133.0270512482
2828,257189.87875594734
2829,25898.229202835122
2830,298746.4423173745
2831,676150.6524327563
2832,2958206.561015708
2833,892099.63916578
2834,445929.8359688164
2835,837500.4988709567
2836,899567.3778982772
2837,16716523.46484533
2838,14883944.590318486
2839,812345.8734043282
2840,148503.58106799936
2841,1598784.9266229495
2842,112401.66437253729
2843,353993.3570566247
2844,63859.576611131895
2845,416557.7488798378
2846,878050.5181280277
2847,1630760.2845751462
2848,216379.21608794574
2849,553779.0169175863
2850,84438.86938873818
2851,2624.127089906018
2852,839579.94606493
2853,1589486.2813600316
2854,3529001.231842626
2855,9179588.084997421
2856,28680818.081688784
2857,6254.170603773091
2858,750180.5021655695
2859,660392.0717128315
2860,4164130.3411155436
2861,568143.6287111221
2862,293858.65042854566
2863,900309.2135292416
2864,37682.91352010472
2865,10902912.723503262
2866,823461.8935468302
2867,2069418.6094451249
2868,1031549.6742570153
2869,336150.2729733512
2870,665040.8425121903
2871,757957.1310810341
2872,-2808402.7385195526
2873,2946117.8739228914
2874,21201.519471826497
2875,589073.6516776208
2876,13509786.70565667
2877,4555911.792343216
2878,207188.72545873793
2879,166723.34335848922
2880,169838.45257688127
2881,2969494.747839948
2882,1027271.1277690196
2883,1193242.27131555
2884,199877.05660421285
2885,37355.2582651237
2886,1235417.9673677208
2887,1489243.1418315102
2888,304269.3813833804
2889,687439.1231848397
2890,1048751.9500736466
2891,1406354.7477585818
2892,2494982.37400059
2893,182891.5467993298
2894,765851.7619396877
2895,88352.94635716686
2896,2372735.412916357
2897,569192.5018483591
2898,980152.5515046277
2899,268720.1733271424
2900,366816.5183330034
2901,9431685.43272422
2902,1230001.3887708636
2903,218828.28272673534
2904,25040151.263648275
2905,12166596.784898628
2906,194229.0411355677
2907,53005.25473943213
2908,203228.31292452547
2909,9464715.304534309
2910,1868406.7683808606
2911,483257.20848343836
2912,185793.39079385158
2913,261324.39153752173
2914,553415.1424649548
2915,599556.1735823838
2916,3739640.52094242
2917,21130.76811588439
2918,92511.12257666048
2919,978928.1118728771
2920,78156.8644032483
2921,1831940.3453863407
2922,1235417.9673677208
2923,74585.92859806214
2924,992304.5428287839
2925,882777.6807743091
2926,457223.3180379919
2927,299966.89446994103
2928,4616154.765889393
2929,372378.85925248405
2930,8693526.453717839
2931,1991279.0025937238
2932,4749311.182119889
2933,15050605.230859678
2934,1489243.1418315102
2935,194129.07505210163
2936,1372459.1456171898
2937,69227143.29932632
2938,40222998.829582796
2939,182891.5467993298
2940,1502313.4520137769
2941,48037.19936769968
2942,697573.978901775
2943,210597.42982361885
2944,43826.76352812536
2945,309252.87626423175
2946,746744.2462768272
2947,19227377.685091693
2948,1489243.1418315102
2949,360617.29919169564
2950,1051541.9895016267
2951,2002481.153658405
2952,16716523.46484533
2953,85092.51386331907
2954,656253.1482143062
2955,3153133.1501456364
2956,916751.1412897822
2957,11739567.204571728
2958,27886929.851961404
2959,3446382.392833749
2960,409412.6428837143
2961,1839211.2855361227
2962,3063523.9832597706
2963,412698.7761345499
2964,13509786.70565667
2965,4778699.675139786
2966,411888.66694966657
2967,11996619.315563451
2968,990750.3915058319
2969,22442.609504214255
2970,299662.7045859075
2971,1627250.23994287
2972,9685713.740235535
2973,500240.5597147129
2974,1024165.7873994643
2975,448657.98839332256
2976,1223218.540066308
2977,755861.1922512851
2978,304801.1678465947
2979,1214011.3868037113
2980,57621.932861455716
2981,210114.30469744443
2982,181594.15752245556
2983,2432663.3512565875
2984,514600.62809843756
2985,90468.18763283687
2986,11133508.699939618
2987,937320.1420300202
2988,1131094.1141262907
2989,602943.1699569481
2990,658508.0911971065
2991,964407.6509124679
2992,1627250.23994287
2993,209996.74731130293
2994,6060049.382988058
2995,388634.57538001775
2996,3550885.230216461
2997,1031549.6742570153
2998,331499.9155049932
2999,1344456.487116175
3000,6335.655286368681
3001,4439039.324256051
3002,115845.55657009454
3003,2233792.8971801964
3004,7840072.188219797
3005,1545236.69083373
3006,1489243.1418315102
3007,345357.85284987953
3008,1788321.467294794
3009,284520.6712656575
3010,21897.87476909673
3011,1634898.060596319
3012,931660.517360715
3013,29315187.0818988
3014,495397.2187737371
3015,26686.30028965068
3016,303378.1914554285
3017,1233636.2949194864
3018,4612012.257508256
3019,2432221.4309067633
3020,1557096.3617629386
3021,910414.7702709765
3022,216625.45936688082
3023,966961.73146303
3024,159684.38699325733
3025,212139.2657007072
3026,1252265.901825843
3027,1138465.667418857
3028,968817.6222219848
3029,1488382.3723691092
3030,925009.4789576227
3031,410808.7504872726
3032,1333759.3023519677
3033,1263341.1008930057
3034,11933071.44483323
3035,5019666.991784778
3036,404792.1943095783
3037,236746.06001264462
3038,4909175.507382322
3039,135714.1904673758
3040,1489243.1418315102
3041,4555911.792343216
3042,1489243.1418315102
3043,10257.78596355766
3044,2965573.6602687654
3045,1370538.4934262785
3046,749110.3136327317
3047,605359.1036427347
3048,152243.40248698532
3049,40222998.829582796
3050,1573460.4943512739
3051,823489.0101523022
3052,649885.2026363346
3053,887872.9413798647
3054,1041640.6258736096
3055,989804.9272860078
3056,73671.56163952337
3057,1048401.846728913
3058,1489243.1418315102
3059,9713689.225233201
3060,140502.21826189896
3061,1579690.4654533751
3062,3338927.309685864
3063,622199.2671150991
3064,1982817.9071801552
3065,2322843.7570601082
3066,79451.84256031155
3067,9431685.43272422
3068,74234.60800028569
3069,8882122.32412157
3070,-2244346.5072047827
3071,1335773.6447202954
3072,279909.26602090383
3073,765531.1885939447
3074,34653.55265233433
3075,3153540.623265928
3076,204706.7562696878
3077,131827.2008722606
3078,2302277.656474559
3079,149440506.64681438
3080,14164513.08756288
3081,2253392.7659024587
3082,1072285.74457078
3083,137200.9158701445
3084,896298.1974776448
3085,4450607.042036323
3086,1244912.9998131646
3087,1588864.7904154304
3088,1489243.1418315102
3089,58646.49505673023
3090,1138465.667418857
3091,1214646.0939011024
3092,1573194.723207979
3093,1489243.1418315102
3094,909340.5232459095
3095,452326.54773102
3096,999175.7948182351
3097,726287.4344728324
3098,1266189.2464153017
3099,474261.8005355955
3100,483708.50134559255
3101,448315.8015961461
3102,33352.14041368035
3103,1463843.4389257054
3104,254743.776763245
3105,12958.354027027497
3106,1047399.0673945344
3107,799399.0507751092
3108,1370538.4934262785
3109,1139283.7846624665
3110,2445452.2568812165
3111,704047.1812107651
3112,1267781.6566577032
3113,11133508.699939618
3114,232818.7613784005
3115,62022.26722395071
3116,55843.19851476047
3117,324353.3428700925
3118,44367246.51226784
3119,6206220.528843304
3120,485646.5213725134
3121,1488382.3723691092
3122,17728.511150375474
3123,359765.5876734508
3124,1675465.3430008786
3125,248652.40865180828
3126,12322161.530469842
3127,690358.6007283661
3128,1645341.2126435437
3129,1286973.3484244556
3130,1312863.0743374494
3131,293229.83408869524
3132,575026.6398876901
3133,185575.9019529675
3134,178681.4663389281
3135,218488.21441452997
3136,1173782.5214457826
3137,1415747.1831177012
3138,474471.41515368223
3139,325142.5974771087
3140,1717579.4524185592
3141,23782669.928033616
3142,984549.6571232884
3143,7268102.342540735
3144,1629.9995402274653
3145,4460944.843370961
3146,59135786.86499457
3147,7746365.322313663
3148,1208108.6932899207
3149,472360.57456362294
3150,4835064.225871559
3151,335220.1051124679
3152,-18879918.953710012
3153,262241.8096746872
3154,12354.107696505496
3155,86199.24786839681
3156,2154308.8396760025
3157,683628.0487466108
3158,122530.11558049219
3159,44725232.108136386
3160,261324.39153752173
3161,865121.1482295953
3162,2937484.606306832
3163,5848615.8240158
3164,449424.4380857735
3165,1053663.7480617608
3166,707466.6850701165
3167,823489.0101523022
3168,3040.1967038796283
3169,839756.016008083
3170,1447147.4480126495
3171,287524.0861149528
3172,2464577.3745244
3173,423541.33452593954
3174,906926.05454623
3175,1660123.0467783117
3176,177997.24471158115
3177,6950028.489450844
3178,985971.9290364352
3179,3706.281377477804
3180,2285900.0378403976
3181,2158219.2050768156
3182,239541.72903610207
3183,4107041.065642667
3184,1320079.836661247
3185,137835.15090235136
3186,164758.03228962002
3187,3132165.8341105864
3188,2090767.3449076207
3189,7737770.502770528
3190,1759919.3897546863
3191,3889.089236188447
3192,729191.6964100678
3193,1444320.2612717901
3194,194688.27273421152
3195,1622530.7900541802
3196,530919.1380495409
3197,2908139.878490827
3198,18221639.6203177
3199,807601.3097799686
3200,3928493.889704309
3201,214295.97954217484
3202,1085120.8801899184
3203,968967.5468067904
3204,1675961.941518473
3205,568143.6287111221
3206,1455662.2975972337
3207,3011839.091989852
3208,27754.148286615266
3209,134815.85840705992
3210,3022030.3090154757
3211,629396.8881873904
3212,1304855.3148226389
3213,14702759.598421438
3214,1925327.8545488014
3215,1535325.9314439828
3216,131251.0136216476
3217,124676.4237230937
3218,1498686.8471168359
3219,1870067.0146009414
3220,1609687.0176297654
3221,2750049.700685492
3222,278797.3627828355
3223,444764.3410003288
3224,749272.6633513646
3225,14883944.590318486
3226,221345.79061743827
3227,342398.5043922607
3228,254571.8712801435
3229,980003.7791511741
3230,835641.0810171715
3231,44725232.108136386
3232,43632323.47145139
3233,1031587.1698341966
3234,19325.136302187573
3235,111132.04282917315
3236,153101.12036482827
3237,116931.12464440404
3238,1468899.3930160669
3239,461977.1955729567
3240,459511.4426336079
3241,228139.08825025056
3242,848416.262067521
3243,1216446.5405180797
3244,1598784.9266229495
3245,3034031.7444867613
3246,1349943.8436483662
3247,3969388.617584892
3248,1795700.130379532
3249,1033905.3601704772
3250,3624534.7761400966
3251,1489243.1418315102
3252,753742.0437788141
3253,2322843.7570601082
3254,1925591.4366239368
3255,429635.81530404533
3256,132789.74431349756
3257,220833.27922173776
3258,2429812.4099117448
3259,333335.0493814829
3260,203570.72710399586
3261,11138599.242756888
3262,554424.7026821417
3263,15236195.68837092
3264,977650.4580472861
3265,7873844.796449898
3266,35196.216672366485
3267,1321447.9279822963
3268,945651.8696311433
3269,164585.51440495462
3270,728284.6914236763
3271,353310.4124171338
3272,1852387.775616471
3273,56722.55119344685
3274,741304.7440613848
3275,185700.6607021112
3276,868302.1884241808
3277,233581.7305217185
3278,18540.479412171757
3279,1989737.0023441236
3280,417818.07318605017
3281,1689211.7481887203
3282,227362.63225149782
3283,1489243.1418315102
3284,2401644.560420586
3285,929370.7454535818
3286,425873.36649594875
3287,945651.8696311433
3288,666302.3098305971
3289,1784577.7319350154
3290,66231573.835663006
3291,762435.3747615959
3292,476770.4288320304
3293,558895.9780673985
3294,1502313.4520137769
3295,1555922.6459029918
3296,1317741.5237262016
3297,54622.90793578932
3298,6454667.385382336
3299,461770.6450741715
3300,35759.0551922922
3301,1489243.1418315102
3302,398893.1342470106
3303,-603053.9253033902
3304,18540.479412171757
3305,234375.03830014123
3306,2244990.9824572923
3307,135821.9923700292
3308,870659.6071133938
3309,1109278.5403662487
3310,-602540.7094324024
3311,448315.8015961461
3312,11879983.728719693
3313,997572.5587276523
3314,545790.7167958673
3315,569920.6794093023
3316,11996619.315563451
3317,3529001.231842626
3318,1159204.7236141195
3319,-18879918.953710012
3320,560793.3998551613
3321,435113.6221195073
3322,2301001.5665422925
3323,110373.29066390521
3324,34050.345425647916
3325,342063.5770454472
3326,1676693.8681072788
3327,475729.3487953474
3328,55757.23596818233
3329,2898620.154042783
3330,194229.0411355677
3331,54432.410989847034
3332,405256.9181144582
3333,3627040.5952329417
3334,152911.39625836024
3335,6205349.070761735
3336,79451.84256031155
3337,1489243.1418315102
3338,6334943.530730953
3339,13018720.05003371
3340,999550.100735209
3341,519534.75628849945
3342,2722444.266496679
3343,1494131.2860648707
3344,353993.3570566247
3345,5680694.444044201
3346,13589131.339502133
3347,738162.1290489438
3348,6236318.746696234
3349,167403.6681575838
3350,253274.69144952344
3351,1228106.009614436
3352,302979.220254584
3353,1223918.3080618219
3354,356589.77531586867
3355,427156.1758015747
3356,3132165.8341105864
3357,81818.39469509479
3358,524893.8014722546
3359,282057.3816861806
3360,876103.142828659
3361,3512894.2357676974
3362,2294392.5276248446
3363,381791.0059842032
3364,997572.5587276523
3365,37534.326632509474
3366,417802.2667918897
3367,4197344.230326607
3368,3336041.74729729
3369,45764.263331684284
3370,363044.38718245644
3371,160470.24797681207
3372,3503444.118683286
3373,1798260.450833574
3374,265868.2537979153
3375,6771659.870944485
3376,409412.6428837143
3377,115031.95474277576
3378,5093430.460271981
3379,14883944.590318486
3380,7903763.310402086
3381,1139226.3834264805
3382,356589.77531586867
3383,1047940.3751529886
3384,218451.45255499217
3385,1175385.6679895627
3386,34587.848209279124
3387,172819.24788159132
3388,584206.9836016232
3389,1489243.1418315102
3390,2791123.0176443607
3391,1012984.5496263029
3392,287862.21856480604
3393,385383.7652506465
3394,1228963.4778024652
3395,4380505.409323197
3396,419523.33614882897
3397,2174776.762270587
3398,1188345.1526052032
3399,1071991.053876286
3400,2464577.3745244
3401,253638.38848095736
3402,297461.0585712404
3403,1489243.1418315102
3404,3064552.380640171
3405,341258.67992702173
3406,350933.38756963145
3407,738880.5491235118
3408,3844399.2196183293
3409,1551282.4657039694
3410,1671345.5587570195
3411,71860.64962680545
3412,99344.05091347196
3413,49564.5174293716
3414,23115606.869984888
3415,519833.41250844765
3416,1231603.044329682
3417,176259.14446564997
3418,470528.94784492534
3419,5036915.333919866
3420,3063523.9832597706
3421,2968641.4431448267
3422,1103164.0558737654
3423,59135786.86499457
3424,535643.5724155465
3425,1101040.7732201556
3426,7035699.817129996
3427,4817087.252830517
3428,2653938.4734359453
3429,92787.11144384556
3430,645050.176423691
3431,4411769.192909434
3432,324206.3348963645
3433,900309.2135292416
3434,291322.0964520299
3435,3225018.599925509
3436,548767.5721263305
3437,928021.1938184709
3438,1183517.3402240344
3439,137519.03505042102
3440,164585.51440495462
3441,84438.86938873818
3442,1133832.5086210691
3443,1915245.9717623205
3444,4768038.1109405905
3445,2900187.0949528557
3446,1048751.9500736466
3447,125971.3059424148
3448,193546.3047932936
3449,679876.1477995518
3450,3227606.596572604
3451,1115603.8762754172
3452,781086.7114687422
3453,10218.50590355182
3454,228621.54599927808
3455,149296.1895482915
3456,133940.0220259265
3457,2791771.853949554
3458,1049811.3296883204
3459,74500.95509650721
3460,1528731.1055048304
3461,1273793.142309517
3462,12322161.530469842
3463,1105374.9989154004
3464,472552.1834836544
3465,25549967.38061972
3466,980003.7791511741
3467,529555.6204324745
3468,2953030.5039801546
3469,76699.56935260072
3470,404792.1943095783
3471,8192196.672189964
3472,236465.71340053948
3473,290270.0722545134
3474,96548.88487547054
3475,267478.8420771812
3476,2499527.738347801
3477,697573.978901775
3478,2047622.1565085454
3479,1174491.0372294737
3480,1204652.0532841394
3481,518111.629803129
3482,406136.18187122606
3483,937304.626803122
3484,1451608.4404323199
3485,1827987.2161836843
3486,6714755.986507028
3487,648239.4097590372
3488,1671127.7271762677
3489,3828951.8791219485
3490,3041646.6056608846
3491,14702759.598421438
3492,1944524.9562462745
3493,1648530.8101397266
3494,525119.9635541718
3495,2321502.791613105
3496,7904.123506135773
3497,344114.72150414344
3498,18438702.197806016
3499,3079436.163093282
3500,1676693.8681072788
3501,7856324.02154585
3502,1852387.775616471
3503,519833.41250844765
3504,884111.9595960993
3505,505335.610386909
3506,386879.4968768195
3507,454280.1351573019
3508,2464577.3745244
3509,312865.49385319697
3510,4476223.709422158
3511,233102.2526642438
3512,1204652.0532841394
3513,786416.5586229474
3514,738880.5491235118
3515,312025.9966586346
3516,1244912.9998131646
3517,525949.2709416864
3518,2492691.7757727043
3519,234971.25892736763
3520,1752602.0175268431
3521,6205349.070761735
3522,104651.7266681192
3523,28680818.081688784
3524,977650.4580472861
3525,1252295.4248710813
3526,3974262.1141256876
3527,44725232.108136386
3528,575038.2776307057
3529,26548753.103078213
3530,521482.0255618135
3531,613933.9321599794
3532,256101.650632618
3533,836568.7056416131
3534,16011429.755910967
3535,1525950.1597370086
3536,164585.51440495462
3537,12830854.766139837
3538,2234746.5076525337
3539,11166748.394293645
3540,1528731.1055048304
3541,106668.21471017227
3542,1868406.7683808606
3543,2002340.4908597434
3544,482248.7843175755
3545,5093430.460271981
3546,231878.75522908615
3547,6206220.528843304
3548,475729.3487953474
3549,1214673.514952847
3550,47222.132928089704
3551,2951608.268240221
3552,1404388.9580768577
3553,453050.9813948213
3554,1489243.1418315102
3555,553415.1424649548
3556,431800.20398796746
3557,2674439.156790769
3558,848416.262067521
3559,3405756.332127296
3560,493207.2636957299
3561,1301911.0807221695
3562,3446382.392833749
3563,1127585.013896
3564,3063523.9832597706
3565,235650.62694778736
3566,629396.8881873904
3567,-2244346.5072047827
3568,1468202.4124037558
3569,244834.70096235257
3570,1502313.4520137769
3571,10555.76621964178
3572,3904870.1467754324
3573,123095.45419599488
3574,249559.19099350926
3575,25898.229202835122
3576,355666.0573497284
3577,1388198.565518728
3578,388011.74819798255
3579,223012.62721396703
3580,204498.91618463374
3581,2616060.2903083395
3582,26392.16519338824
3583,3384.509856583085
3584,1227288.0133787708
3585,494470.7774838372
3586,1489243.1418315102
3587,110841.30048031406
3588,227518.87650421937
3589,315039.29296455206
3590,932163.9114258825
3591,999175.7948182351
3592,512822.92037228914
3593,520323.6719448315
3594,41605.495192759205
3595,218451.45255499217
3596,2393370.265161636
3597,1133663.2798550893
3598,5787954.873209005
3599,6472825.346878411
3600,471546.0622509592
3601,2242333.516394556
3602,4229993.800086763
3603,705947.9029058111
3604,22041.07590962667
3605,823297.9610575445
3606,1489243.1418315102
3607,1249598.7176274438
3608,852109.9299862331
3609,3225018.599925509
3610,1233636.2949194864
3611,-2244346.5072047827
3612,385995.2738004755
3613,1489243.1418315102
3614,36108.83510537818
3615,1671939.411106614
3616,947685.2251073183
3617,292242.06686816085
3618,609584.9421963625
3619,254743.776763245
3620,140601.88749138103
3621,1759919.3897546863
3622,211609.73690944677
3623,723059.1448412698
3624,326498.77738165203
3625,2341255.36925109
3626,104158.06748297578
3627,1688124.4144745246
3628,1173782.5214457826
3629,11933071.44483323
3630,1693367.2341684853
3631,1868406.7683808606
3632,1489243.1418315102
3633,289595.62109106476
3634,452326.54773102
3635,247819.25096787605
3636,56659.989638781175
3637,13827508.38556434
3638,296572.21513781627
3639,21941.903604923515
3640,98959478.08596314
3641,268931.9870685721
3642,633766.7830128889
3643,13477366.90466585
3644,934311.1997503634
3645,245236.79443027102
3646,1486844.33686428
3647,14457701.049658168
3648,7609805.702435855
3649,1223618.532212141
3650,1489243.1418315102
3651,1489243.1418315102
3652,1067846.7633830174
3653,224128.0225720196
3654,1237457.989847906
3655,1272088.1624112357
3656,396150.12562603736
3657,2329530.529948261
3658,1391698.6927062254
3659,154807.08586506778
3660,733447.5123629184
3661,176928.69683486316
3662,13827508.38556434
3663,177743.70482667722
3664,182228.48150284844
3665,709906.2849953284
3666,3821.2604107619263
3667,5680694.444044201
3668,704047.1812107651
3669,2592246.999018744
3670,1156423.7244629273
3671,361271.93739138683
3672,149832.85891614715
3673,90468.18763283687
3674,235466.6551110749
3675,160665.81830755994
3676,1153224.8111316483
3677,664373.6995402927
3678,270663.7175517208
3679,564058.9162181962
3680,1489243.1418315102
3681,137770.7829327525
3682,1072896.6248119632
3683,103189.50049436023
3684,18591.45783708943
3685,14457701.049658168
3686,355485.9490588871
3687,1199690.4989588768
3688,216674.62989558536
3689,164375.5285471012
3690,24842728.004922766
3691,936771.799470304
3692,78486.56139820209
3693,126667.50833125692
3694,378958.36859693634
3695,1489243.1418315102
3696,299739.4260963551
3697,252527.54208277143
3698,625382.615381315
3699,1069110.8016491835
3700,887872.9413798647
3701,4835064.225871559
3702,4375335.42316204
3703,3532609.078431865
3704,1201119.2027391116
3705,261562.3194013359
3706,63363.58152721776
3707,54396789.1844656
3708,4945475.297739732
3709,5446653.084263898
3710,39219.72856034408
3711,498030.07747017033
3712,2900187.0949528557
3713,1119525.713282568
3714,597137.1972517231
3715,29292.779774502385
3716,4587047.4641708005
3717,40921.71699329605
3718,2422730.1510246755
3719,315039.29296455206
3720,2726395.0305034053
3721,79116.53100609174
3722,274506.7512075871
3723,329536.00532036414
3724,525949.2709416864
3725,159424.88678910257
3726,700340.600107634
3727,256287.88653531438
3728,3630474.6441744985
3729,1289362.5169143311
3730,3581666.8223345377
3731,1404227.8894192525
3732,2499527.738347801
3733,3131.276624674443
3734,132759.04084084881
3735,2639484.3742933804
3736,301321.32076933
3737,3354294.9367610454
3738,374687.5945243272
3739,922625.936337247
3740,254743.776763245
3741,188442.1803746242
3742,134389.6381689473
3743,16799.80909926095
3744,171684.66416170844
3745,242285.43879082077
3746,14282822.441432327
3747,6276832.913046028
3748,1197137.4817928225
3749,53443.623027922586
3750,1327440.231163362
3751,1406628.6596810597
3752,1260329.2564401035
3753,798723.5814545039
3754,733033.6885540521
3755,1805253.3003224828
3756,1489243.1418315102
3757,253638.38848095736
3758,9431685.43272422
3759,1530748.173440414
3760,902023.8649085829
3761,739638.068951763
3762,616673.1545277191
3763,783619.03450254
3764,777674.0466437316
3765,303861.6475311252
3766,3508489.34802423
3767,482153.0767604911
3768,9417907.410119276
3769,924033.1913663858
3770,4460944.843370961
3771,2624734.449948532
3772,545790.7167958673
3773,70317.36228366056
3774,1033905.3601704772
3775,6334943.530730953
3776,277478.3121468227
3777,271136.1496241633
3778,613702.0150036016
3779,823326.1691655325
3780,3581666.8223345377
3781,519534.75628849945
3782,199575.19106792938
3783,1023934.6497683567
3784,2624.127089906018
3785,396150.12562603736
3786,1489243.1418315102
3787,3041646.6056608846
3788,256287.88653531438
3789,28680818.081688784
3790,552793.7020460875
3791,1489970.7808204456
3792,472602.29557826417
3793,3043462.7463968312
3794,6223366.104280816
3795,3146749.814426295
3796,3670993.728247982
3797,29073.36768329516
3798,849169.8428752557
3799,485646.5213725134
3800,1489243.1418315102
3801,1488382.3723691092
3802,887872.9413798647
3803,1540317.8756606758
3804,1230001.3887708636
3805,867947.8518853891
3806,3146749.814426295
3807,1696597.0676118038
3808,214626.10411607614
3809,126323.25970441056
3810,771184.8285436678
3811,4460944.843370961
3812,28581.712114007678
3813,341427.0505065252
3814,49654.19703519228
3815,66076.66516998457
3816,18221639.6203177
3817,1489243.1418315102
3818,40222998.829582796
3819,1874258.7143678379
3820,517979.94633210346
3821,50046.476731446106
3822,1732412.1905750665
3823,2900187.0949528557
3824,414270.1888206897
3825,159424.88678910257
3826,324353.3428700925
3827,1833693.3417074052
3828,1502313.4520137769
3829,457021.7003351217
3830,92160.00858321902
3831,97875.98103824258
3832,229005.08305290504
3833,11879983.728719693
3834,1084194.6816355065
3835,217265.25168801798
3836,56577.642208355246
3837,2090767.3449076207
3838,783619.03450254
3839,279976.1041199076
3840,7998763.73414593
3841,10819445.600515153
3842,-7652287.641176946
3843,2541233.105160076
3844,1217896.9317992856
3845,1235417.9673677208
3846,79451.84256031155
3847,99895.0366771419
3848,4909175.507382322
3849,389037.1415192131
3850,490360.87115399586
3851,67387.60931173945
3852,15172413.858276598
3853,13464606.34050624
3854,486227.1099286871
3855,38419.83086836897
3856,1028054.6510038216
3857,1489243.1418315102
3858,517730.99193709483
3859,2762904.2541996264
3860,1780196.5987390503
3861,2603374.9398724157
3862,2509817.8073958857
3863,77581.55227005295
3864,1149737.3171105054
3865,13375.741906290408
3866,1769507.284295986
3867,14702759.598421438
3868,1471323.173551669
3869,278816.00521974964
3870,1786987.968162913
3871,327882.11295493646
3872,4909175.507382322
3873,104158.06748297578
3874,253274.69144952344
3875,6334943.530730953
3876,39201.87662793766
3877,50029.31785936188
3878,809789.092535974
3879,23782669.928033616
3880,1608608.691388193
3881,9685713.740235535
3882,841943.8104516114
3883,5431.960458665155
3884,554167.9228049763
3885,186038.110822425
3886,1240185.8902782388
3887,2504804.206208635
3888,431800.20398796746
3889,58958.163235947955
3890,291322.0964520299
3891,7718161.025275614
3892,2724617.5688049495
3893,1345177.3633804834
3894,1133832.5086210691
3895,-3781245.771148426
3896,1215134.675766665
3897,264090.40926263714
3898,138699.2968323098
3899,3543216.1254724115
3900,1198237.2120087203
3901,-4862152.898893245
3902,3844399.2196183293
3903,569920.6794093023
3904,945499.6312075513
3905,3050500.642352077
3906,345357.85284987953
3907,545906.8151288433
3908,716560.0185053505
3909,246578.8295309178
3910,2047152.4104274106
3911,41551.82503885147
3912,2390229.9769394365
3913,3518758.176084936
3914,1568364.2020678883
3915,50447.46701306058
3916,1489243.1418315102
3917,253994.1887334152
3918,1451608.4404323199
3919,861597.11264042
3920,1924363.3181099952
3921,597112.7592046517
3922,920440.0367696634
3923,686893.7910112152
3924,53738.01089398051
3925,5348206.557219597
3926,4768038.1109405905
3927,471546.0622509592
3928,448657.98839332256
3929,2330915.9184659813
3930,94457.50178074697
3931,33442.003198424354
3932,623817.5562634352
3933,6133442.445788475
3934,1839249.0921159256
3935,309252.87626423175
3936,526755.6131485435
3937,956125.6285254383
3938,2923774.8916717772
3939,1489243.1418315102
3940,1548651.899298836
3941,792083.0706627043
3942,57710.880436673295
3943,314085.2095860583
3944,8644334.051825343
3945,504018.2724857414
3946,499435.3896511276
3947,31341.469348671846
3948,3043462.7463968312
3949,475833.73281262757
3950,241158.40810233168
3951,228621.54599927808
3952,332227.91137437103
3953,331526.69839626225
3954,2640367.204227976
3955,1005553.009845927
3956,680873.7609595822
3957,3384248.549176275
3958,242861.717048242
3959,1266443.3643729934
3960,409609.9966872919
3961,1882676.5550097083
3962,140502.21826189896
3963,933523.3307213701
3964,240699.18665665295
3965,356886.7994494145
3966,1794862.0256389421
3967,101536.91930147214
3968,12147685.223647213
3969,175457.6628047924
3970,684766.1794845432
3971,-15821788.240689468
3972,575328.5816314304
3973,1145780.52351772
3974,274506.7512075871
3975,1376033.4289035648
3976,813137.6137861075
3977,1555922.6459029918
3978,2445387.8425170197
3979,35759.0551922922
3980,1384647.8658298787
3981,6661851.105299573
3982,1489243.1418315102
3983,1660123.0467783117
3984,1489243.1418315102
3985,552793.7020460875
3986,1186554.0773150981
3987,87598.72116307868
3988,1627250.23994287
3989,841652.0391688787
3990,792083.0706627043
3991,327882.11295493646
3992,613933.9321599794
3993,520991.1372056729
3994,839756.016008083
3995,350208.6716706974
3996,335220.1051124679
3997,1489243.1418315102
3998,1341462.2699410745
3999,1944524.9562462745
4000,205447.77582786488
4001,318807.3982449332
4002,127134.77920412133
4003,902051.9599747807
4004,8790054.22972063
4005,1589486.2813600316
4006,74168.6359436526
4007,530387.4260374871
4008,24650.76059379708
4009,596614.6076973883
4010,339237.7427796223
4011,170432.69104459137
4012,1489243.1418315102
4013,1237457.989847906
4014,886178.3467384346
4015,551794.9017654336
4016,34350.418734229635
4017,942017.9069965761
4018,1155567.0750615976
4019,324206.3348963645
4020,2254735.0675543128
4021,1489243.1418315102
4022,4117104.232888302
4023,334439.89260609774
4024,392114.93624315015
4025,310225.486598192
4026,7629.597507141763
4027,1844925.3966676716
4028,715117.8298525014
4029,1489243.1418315102
4030,956516.7363204216
4031,444764.3410003288
4032,284520.6712656575
4033,440245.4502801071
4034,51689.43522797478
4035,299806.81132626627
4036,286162.8304448677
4037,1873223.4763622908
4038,666706.9047090358
4039,50447.46701306058
4040,583615.9052007102
4041,159384.47610185668
4042,1757491.80880327
4043,4226543.68625463
4044,1063308.2766791438
4045,258188.56914046314
4046,2242333.516394556
4047,1360264.0822583186
4048,52649.18249448808
4049,6862850.219738813
4050,3051669.405925473
4051,729191.6964100678
4052,1716931.2896398674
4053,629396.8881873904
4054,-3231324.533780796
4055,2113990.7275628825
4056,1047940.3751529886
4057,1197137.4817928225
4058,239541.72903610207
4059,1873520.4186145416
4060,6098456.820181485
4061,38419.83086836897
4062,1486405.002348899
4063,34280.24343353161
4064,1190177.4077260518
4065,116188.17037755554
4066,398893.1342470106
4067,159700.4096224378
4068,262241.8096746872
4069,2234426.8752659936
4070,947903.5141780849
4071,168882.35298755812
4072,2393370.265161636
4073,4650923.136226444
4074,531343.5323213185
4075,1666572.0194820703
4076,515832.29848747654
4077,321160.5273029199
4078,160660.45071784663
4079,103307.2619990455
4080,260084.75445102248
4081,75904.84180329577
4082,629396.8881873904
4083,749535.1425531029
4084,3407931.4248213726
4085,22506794.35565628
4086,2624734.449948532
4087,841943.8104516114
4088,426815.0200344948
4089,145492.82372054388
4090,491959.71434110694
4091,969613.091799692
4092,523763.6371363703
4093,270663.7175517208
4094,386879.4968768195
